feature_id	label_class	label_kind	area_m2	perimeter_m	circularity	equivalent_diameter_m	centroid_x	centroid_y	bbox_utm29
1	1	positive	12913.67	413.81	0.9477	128.23	630985.58	4779935.89	630915.90,4779875.23,631059.82,4779998.14
2	0	negative	18815.57	583.98	0.6933	154.78	631049.33	4779661.36	630977.79,4779564.45,631122.49,4779755.05
3	0	negative	28108.23	763.25	0.6063	189.18	631341.91	4779977.61	631248.82,4779815.26,631412.19,4780103.87
4	0	negative	46389.45	982.31	0.6041	243.03	631063.66	4780249.00	630886.93,4780147.37,631239.14,4780324.78
5	0	negative	47299.45	967.74	0.6347	245.40	630601.61	4780244.68	630425.74,4780129.84,630774.95,4780325.86
6	0	negative	24549.32	1058.32	0.2754	176.80	630495.88	4780020.22	630424.94,4779845.29,630646.12,4780147.46
7	0	negative	45369.38	1510.98	0.2497	240.35	630717.42	4779655.85	630566.34,4779499.90,630935.08,4779809.67
8	0	negative	11603.08	763.09	0.2504	121.55	631337.48	4779684.11	631246.59,4779511.28,631395.35,4779814.92
9	0	negative	11312.50	461.28	0.6681	120.01	631385.92	4779480.96	631302.60,4779412.40,631478.48,4779546.28
