chip_id	feature_id	label_class	label_kind	image_path	mask_path	image_exists	mask_exists	width_px	height_px	unique_values	positive_pixels	mask_area_pct	bbox_px	centroid_x	centroid_y	center_offset_px	area_m2	perimeter_m	circularity	equivalent_diameter_m	overlay_path	status	error
viladonga-pnoa-positive-1	1	1	positive	data/viladonga-pilot/chips/pnoa/images/viladonga-pnoa-positive-1.png	data/viladonga-pilot/chips/pnoa/masks/viladonga-pnoa-positive-1.png	yes	yes	1024	1024	0,1	51656	4.9263	373,387,659,632	511.50	511.50	0.01	12914.00	533.00	0.5712	128.23	data/viladonga-pilot/chips/pnoa/qa/viladonga-pnoa-positive-1-overlay.png	ok	
viladonga-pnoa-negative-2	2	0	negative	data/viladonga-pilot/chips/pnoa/images/viladonga-pnoa-negative-2.png	data/viladonga-pilot/chips/pnoa/masks/viladonga-pnoa-negative-2.png	yes	yes	1024	1024	0	0	0.0000										ok	
viladonga-pnoa-negative-3	3	0	negative	data/viladonga-pilot/chips/pnoa/images/viladonga-pnoa-negative-3.png	data/viladonga-pilot/chips/pnoa/masks/viladonga-pnoa-negative-3.png	yes	yes	1024	1024	0	0	0.0000										ok	
viladonga-pnoa-negative-4	4	0	negative	data/viladonga-pilot/chips/pnoa/images/viladonga-pnoa-negative-4.png	data/viladonga-pilot/chips/pnoa/masks/viladonga-pnoa-negative-4.png	yes	yes	1024	1024	0	0	0.0000										ok	
viladonga-pnoa-negative-5	5	0	negative	data/viladonga-pilot/chips/pnoa/images/viladonga-pnoa-negative-5.png	data/viladonga-pilot/chips/pnoa/masks/viladonga-pnoa-negative-5.png	yes	yes	1024	1024	0	0	0.0000										ok	
viladonga-pnoa-negative-6	6	0	negative	data/viladonga-pilot/chips/pnoa/images/viladonga-pnoa-negative-6.png	data/viladonga-pilot/chips/pnoa/masks/viladonga-pnoa-negative-6.png	yes	yes	1024	1024	0	0	0.0000										ok	
viladonga-pnoa-negative-7	7	0	negative	data/viladonga-pilot/chips/pnoa/images/viladonga-pnoa-negative-7.png	data/viladonga-pilot/chips/pnoa/masks/viladonga-pnoa-negative-7.png	yes	yes	1024	1024	0	0	0.0000										ok	
viladonga-pnoa-negative-8	8	0	negative	data/viladonga-pilot/chips/pnoa/images/viladonga-pnoa-negative-8.png	data/viladonga-pilot/chips/pnoa/masks/viladonga-pnoa-negative-8.png	yes	yes	1024	1024	0	0	0.0000										ok	
viladonga-pnoa-negative-9	9	0	negative	data/viladonga-pilot/chips/pnoa/images/viladonga-pnoa-negative-9.png	data/viladonga-pilot/chips/pnoa/masks/viladonga-pnoa-negative-9.png	yes	yes	1024	1024	0	0	0.0000										ok	
