chip_id	feature_id	label_class	label_kind	tile_side_m	width_px	height_px	center_x	center_y	bbox_raster_crs	raster_crs	image_source	image_path	mask_path	status	error
viladonga-pnoa-positive-1	1	1	positive	512.00	1024	1024	630985.57	4779935.84	630729.57,4779679.84,631241.57,4780191.84	EPSG:25829	wms	data/viladonga-pilot/chips/pnoa/images/viladonga-pnoa-positive-1.png	data/viladonga-pilot/chips/pnoa/masks/viladonga-pnoa-positive-1.png	exported	
viladonga-pnoa-negative-2	2	0	negative	512.00	1024	1024	631049.33	4779661.32	630793.33,4779405.32,631305.33,4779917.32	EPSG:25829	wms	data/viladonga-pilot/chips/pnoa/images/viladonga-pnoa-negative-2.png	data/viladonga-pilot/chips/pnoa/masks/viladonga-pnoa-negative-2.png	exported	
viladonga-pnoa-negative-3	3	0	negative	512.00	1024	1024	631341.91	4779977.60	631085.91,4779721.60,631597.91,4780233.60	EPSG:25829	wms	data/viladonga-pilot/chips/pnoa/images/viladonga-pnoa-negative-3.png	data/viladonga-pilot/chips/pnoa/masks/viladonga-pnoa-negative-3.png	exported	
viladonga-pnoa-negative-4	4	0	negative	512.00	1024	1024	631063.65	4780248.99	630807.65,4779992.99,631319.65,4780504.99	EPSG:25829	wms	data/viladonga-pilot/chips/pnoa/images/viladonga-pnoa-negative-4.png	data/viladonga-pilot/chips/pnoa/masks/viladonga-pnoa-negative-4.png	exported	
viladonga-pnoa-negative-5	5	0	negative	512.00	1024	1024	630601.61	4780244.70	630345.61,4779988.70,630857.61,4780500.70	EPSG:25829	wms	data/viladonga-pilot/chips/pnoa/images/viladonga-pnoa-negative-5.png	data/viladonga-pilot/chips/pnoa/masks/viladonga-pnoa-negative-5.png	exported	
viladonga-pnoa-negative-6	6	0	negative	512.00	1024	1024	630495.88	4780020.28	630239.88,4779764.28,630751.88,4780276.28	EPSG:25829	wms	data/viladonga-pilot/chips/pnoa/images/viladonga-pnoa-negative-6.png	data/viladonga-pilot/chips/pnoa/masks/viladonga-pnoa-negative-6.png	exported	
viladonga-pnoa-negative-7	7	0	negative	512.00	1024	1024	630717.42	4779655.88	630461.42,4779399.88,630973.42,4779911.88	EPSG:25829	wms	data/viladonga-pilot/chips/pnoa/images/viladonga-pnoa-negative-7.png	data/viladonga-pilot/chips/pnoa/masks/viladonga-pnoa-negative-7.png	exported	
viladonga-pnoa-negative-8	8	0	negative	512.00	1024	1024	631337.48	4779684.13	631081.48,4779428.13,631593.48,4779940.13	EPSG:25829	wms	data/viladonga-pilot/chips/pnoa/images/viladonga-pnoa-negative-8.png	data/viladonga-pilot/chips/pnoa/masks/viladonga-pnoa-negative-8.png	exported	
viladonga-pnoa-negative-9	9	0	negative	512.00	1024	1024	631385.93	4779480.99	631129.93,4779224.99,631641.93,4779736.99	EPSG:25829	wms	data/viladonga-pilot/chips/pnoa/images/viladonga-pnoa-negative-9.png	data/viladonga-pilot/chips/pnoa/masks/viladonga-pnoa-negative-9.png	exported	
