queue	priority_order	dataset	final_split	sample_id	bank_id	label_class	label_role	name	municipality	parish	country	longitude	latitude	fusion_probability	fusion_rank	max_safety_rank	archetype_only_rank	rank_delta_fusion_to_max	negative_type	morphology_proxy	review_reason
holdout_top_false_positives	1	holdouts	test_trasancos	wl-neg-neg-es-pba-8682	neg-es-pba-8682	0	hard_negative	Mámoa do Monte Marraxón IV-1	Fene	Sillobre (Santa Mariña)	ES	-8.132051265443264	43.4784901008791	0.63027339	34	37	34	-3	megalithic_mound		Known hard negative ranked high by the main fusion model; inspect as false-positive pattern.
holdout_top_false_positives	2	holdouts	test_trasancos	wl-neg-neg-es-pba-8715	neg-es-pba-8715	0	hard_negative	Mámoa do Rego da Moa	Fene	Barallobre (Santiago)	ES	-8.175129668390355	43.450897497780126	0.61573051	35	24	12	11	megalithic_mound		Known hard negative ranked high by the main fusion model; inspect as false-positive pattern.
holdout_top_false_positives	3	holdouts	test_trasancos	wl-neg-neg-es-pba-24849	neg-es-pba-24849	0	hard_negative	Mámoa de Rioboo 1/Mámoa de Canteiros 1	Valdoviño	Meirás (San Vicente)	ES	-8.20129105753339	43.572014263769375	0.57929205	37	41	112	-4	megalithic_mound		Known hard negative ranked high by the main fusion model; inspect as false-positive pattern.
holdout_top_false_positives	4	holdouts	test_trasancos	wl-neg-neg-es-pba-14259	neg-es-pba-14259	0	hard_negative	Mámoa do Monte dos Niños 05	Narón	Sedes (Santo Estevo)	ES	-8.123356750541028	43.56133110666142	0.57631836	38	42	58	-4	megalithic_mound		Known hard negative ranked high by the main fusion model; inspect as false-positive pattern.
holdout_top_false_positives	5	holdouts	test_trasancos	wl-neg-neg-es-pba-14223	neg-es-pba-14223	0	hard_negative	Mámoa de Muíño do Vento	Narón	Trasancos (San Mateo)	ES	-8.2207321781512	43.5237064246763	0.55826249	44	48	84	-4	megalithic_mound		Known hard negative ranked high by the main fusion model; inspect as false-positive pattern.
holdout_top_false_positives	6	holdouts	test_trasancos	wl-neg-neg-es-pba-20406	neg-es-pba-20406	0	hard_negative	Mámoa de Bardaos	San Sadurniño	Bardaos (Santa María)	ES	-8.045691218805501	43.56779596584658	0.47516969	53	63	53	-10	megalithic_mound		Known hard negative ranked high by the main fusion model; inspect as false-positive pattern.
holdout_top_false_positives	7	holdouts	test_trasancos	wl-neg-neg-es-pba-24332	neg-es-pba-24332	0	hard_negative	Mámoa do Monte de Pena Moura 3	Valdoviño	Valdoviño (Santaia)	ES	-8.128269502838254	43.57801699616052	0.45368295	55	66	51	-11	megalithic_mound		Known hard negative ranked high by the main fusion model; inspect as false-positive pattern.
holdout_top_false_positives	8	holdouts	test_trasancos	wl-neg-neg-es-pba-24843	neg-es-pba-24843	0	hard_negative	Mámoa de Coto da Fraga 2	Valdoviño	Pantín (Santiago)	ES	-8.096261067263583	43.625262213712574	0.44129649	56	51	26	5	megalithic_mound		Known hard negative ranked high by the main fusion model; inspect as false-positive pattern.
holdout_top_false_positives	9	holdouts	test_trasancos	wl-neg-neg-es-pba-24846	neg-es-pba-24846	0	hard_negative	Mámoa de Pena Moura	Valdoviño	Vilarrube (San Martiño)	ES	-8.050266230012467	43.6232429879672	0.42819688	58	38	21	20	megalithic_mound		Known hard negative ranked high by the main fusion model; inspect as false-positive pattern.
holdout_top_false_positives	10	holdouts	test_trasancos	wl-neg-neg-es-pba-10071	neg-es-pba-10071	0	hard_negative	Mámoa dos Montes de Brión III-8	Ferrol	Doniños (San Román)	ES	-8.296676405945123	43.484912722428156	0.40880619	60	67	40	-7	megalithic_mound		Known hard negative ranked high by the main fusion model; inspect as false-positive pattern.
holdout_top_false_positives	11	holdouts	test_trasancos	wl-neg-neg-es-pba-10131	neg-es-pba-10131	0	hard_negative	Mámoa dos Montes de Brión VI-1	Ferrol	Brión (Santa María)	ES	-8.271862778359397	43.47905394680505	0.38900115	63	76	57	-13	megalithic_mound		Known hard negative ranked high by the main fusion model; inspect as false-positive pattern.
holdout_top_false_positives	12	holdouts	test_trasancos	wl-neg-neg-es-pba-9981	neg-es-pba-9981	0	hard_negative	Mámoa de Mougá 6	Ferrol	Doniños (San Román)	ES	-8.270074776662353	43.50536423132985	0.38321919	64	59	36	5	megalithic_mound		Known hard negative ranked high by the main fusion model; inspect as false-positive pattern.
holdout_top_false_positives	13	holdouts	test_trasancos	wl-neg-neg-es-pba-10014	neg-es-pba-10014	0	hard_negative	Mámoa dos Montes de Brión I-7	Ferrol	Brión (Santa María)	ES	-8.285559472887922	43.4827670044632	0.37839992	66	79	65	-13	megalithic_mound		Known hard negative ranked high by the main fusion model; inspect as false-positive pattern.
holdout_top_false_positives	14	holdouts	test_trasancos	wl-neg-neg-es-pba-9974	neg-es-pba-9974	0	hard_negative	Mámoa de Leixa 2	Ferrol	Leixa (San Pedro)	ES	-8.197523939371287	43.52116200826383	0.37433017	67	81	144	-14	megalithic_mound		Known hard negative ranked high by the main fusion model; inspect as false-positive pattern.
holdout_top_false_positives	15	holdouts	test_trasancos	wl-neg-neg-es-pba-14222	neg-es-pba-14222	0	hard_negative	Mámoa de Leixa 3/Mámoa de Trasancos	Narón	Trasancos (San Mateo)	ES	-8.198459950939915	43.52249373946746	0.37254851	68	82	96	-14	megalithic_mound		Known hard negative ranked high by the main fusion model; inspect as false-positive pattern.
holdout_top_false_positives	16	holdouts	test_trasancos	wl-neg-neg-es-pba-20435	neg-es-pba-20435	0	hard_negative	Mámoa de Pena Escrita	San Sadurniño	Lamas (San Xiao)	ES	-8.033552435280814	43.564559061061054	0.36044579	69	84	151	-15	megalithic_mound		Known hard negative ranked high by the main fusion model; inspect as false-positive pattern.
holdout_top_false_positives	17	holdouts	test_trasancos	wl-neg-neg-es-pba-9983	neg-es-pba-9983	0	hard_negative	Mámoa dos Montes de Brión I-1	Ferrol	Doniños (San Román)	ES	-8.289157188370986	43.48425883479058	0.36018193	70	39	23	31	megalithic_mound		Known hard negative ranked high by the main fusion model; inspect as false-positive pattern.
holdout_top_false_positives	18	holdouts	test_trasancos	wl-neg-neg-es-pba-10102	neg-es-pba-10102	0	hard_negative	Mámoa dos Montes de Brión IV-7	Ferrol	Brión (Santa María)	ES	-8.291693642023777	43.477408326571705	0.35708707	71	85	81	-14	megalithic_mound		Known hard negative ranked high by the main fusion model; inspect as false-positive pattern.
holdout_top_false_positives	19	holdouts	test_trasancos	wl-neg-neg-es-pba-9853	neg-es-pba-9853	0	hard_negative	Petróglifo do coto de San Xurxo	Ferrol	San Xurxo da Mariña (San Xurxo)	ES	-8.288881663066935	43.51388427158965	0.35525190	73	88	92	-15	rock_art_surface		Known hard negative ranked high by the main fusion model; inspect as false-positive pattern.
holdout_top_false_positives	20	holdouts	test_trasancos	wl-neg-neg-es-pba-24845	neg-es-pba-24845	0	hard_negative	Mámoa de Loira	Valdoviño	Loira (San Pedro)	ES	-8.096451014104767	43.60704957345368	0.35506574	74	89	71	-15	megalithic_mound		Known hard negative ranked high by the main fusion model; inspect as false-positive pattern.
holdout_top_false_positives	21	holdouts	test_trasancos	wl-neg-neg-es-pba-9947	neg-es-pba-9947	0	hard_negative	Mámoa de Leixa 1	Ferrol	Leixa (San Pedro)	ES	-8.198684457741432	43.52031757782413	0.32482753	77	97	171	-20	megalithic_mound		Known hard negative ranked high by the main fusion model; inspect as false-positive pattern.
holdout_top_false_positives	22	holdouts	test_trasancos	wl-neg-neg-es-pba-24850	neg-es-pba-24850	0	hard_negative	Mámoa de Rioboo 2/Mámoa de Canteiros 2/M moas do Val	Valdoviño	Meirás (San Vicente)	ES	-8.199558404399172	43.572796295406846	0.32378712	78	98	202	-20	megalithic_mound		Known hard negative ranked high by the main fusion model; inspect as false-positive pattern.
holdout_top_false_positives	23	holdouts	test_trasancos	wl-neg-neg-es-pba-10008	neg-es-pba-10008	0	hard_negative	Mámoa dos Montes de Brión I-10	Ferrol	Brión (Santa María)	ES	-8.28682938315165	43.480979979060415	0.32286611	79	87	60	-8	megalithic_mound		Known hard negative ranked high by the main fusion model; inspect as false-positive pattern.
holdout_top_false_positives	24	holdouts	test_o_val	wl-neg-neg-es-pba-14299	neg-es-pba-14299	0	hard_negative	Mámoa do Val/Mámoa de Santa Margarida	Narón	O Val (Santa María A Maior)	ES	-8.20522866984784	43.546610330164974	0.32277415	80	99	83	-19	megalithic_mound		Known hard negative ranked high by the main fusion model; inspect as false-positive pattern.
holdout_top_false_positives	25	holdouts	test_trasancos	wl-neg-neg-es-pba-10013	neg-es-pba-10013	0	hard_negative	Mámoa dos Montes de Brión I-6	Ferrol	Brión (Santa María)	ES	-8.28604813778096	43.48276680801758	0.30532703	81	100	73	-19	megalithic_mound		Known hard negative ranked high by the main fusion model; inspect as false-positive pattern.
holdout_low_rank_positives	1	holdouts	test_o_val	wl-pos-pos-es-pba-14588	pos-es-pba-14588	1	positive	Castro de Pena Lopesa	Narón	O Val (Santa María A Maior)	ES	-8.22594601477777	43.57701844556937	0.06230073	199	72	47	127		hilltop_hint	Known positive ranked low by the main fusion model; inspect as false-negative morphology.
holdout_low_rank_positives	2	holdouts	test_trasancos	wl-pos-pos-es-pba-10165	pos-es-pba-10165	1	positive	Monte do Castro/Castro de Vilela	Ferrol	Mandiá (Santa Uxía)	ES	-8.239830294287893	43.524029972263946	0.11178112	172	123	99	49		hilltop_hint	Known positive ranked low by the main fusion model; inspect as false-negative morphology.
holdout_low_rank_positives	3	holdouts	test_trasancos	wl-pos-pos-es-pba-14590	pos-es-pba-14590	1	positive	Castro de Santo Estevo	Narón	Sedes (Santo Estevo)	ES	-8.136844261989637	43.55153816561511	0.13038397	164	184	166	-20		generic_castro_hint	Known positive ranked low by the main fusion model; inspect as false-negative morphology.
holdout_low_rank_positives	4	holdouts	test_trasancos	wl-pos-pos-es-pba-24337	pos-es-pba-24337	1	positive	Os Castros	Valdoviño	Pantín (Santiago)	ES	-8.093620081527554	43.639579102678184	0.13453320	160	90	62	70		generic_castro_hint	Known positive ranked low by the main fusion model; inspect as false-negative morphology.
holdout_low_rank_positives	5	holdouts	test_trasancos	wl-pos-pos-es-pba-20704	pos-es-pba-20704	1	positive	A Croa	San Sadurniño	Naraío (Santa María)	ES	-8.081000277632068	43.48946910625164	0.14655968	155	71	46	84		croa_top_ring_hint	Known positive ranked low by the main fusion model; inspect as false-negative morphology.
holdout_low_rank_positives	6	holdouts	test_trasancos	wl-pos-pos-es-pba-8709	pos-es-pba-8709	1	positive	Castro do Río Castro	Fene	Limodre (Santa Baia)	ES	-8.186321260418124	43.42396916091138	0.16775494	141	69	44	72		valley_or_river_edge_hint	Known positive ranked low by the main fusion model; inspect as false-negative morphology.
holdout_low_rank_positives	7	holdouts	test_trasancos	wl-pos-pos-es-pba-24677	pos-es-pba-24677	1	positive	Castro de Casianes	Valdoviño	Pantín (Santiago)	ES	-8.09873394334149	43.6341480312583	0.17325151	138	163	152	-25		generic_castro_hint	Known positive ranked low by the main fusion model; inspect as false-negative morphology.
holdout_low_rank_positives	8	holdouts	test_trasancos	wl-pos-pos-es-pba-24738	pos-es-pba-24738	1	positive	Castro e Mina do Pereiro	Valdoviño	Valdoviño (Santaia)	ES	-8.135936419804226	43.61914947103172	0.23039334	106	131	164	-25		generic_castro_hint	Known positive ranked low by the main fusion model; inspect as false-negative morphology.
holdout_low_rank_positives	9	holdouts	test_trasancos	wl-pos-pos-es-pba-8705	pos-es-pba-8705	1	positive	Castro de Barallobre	Fene	Barallobre (Santiago)	ES	-8.178759499653474	43.46407350807626	0.25615015	96	117	127	-21		generic_castro_hint	Known positive ranked low by the main fusion model; inspect as false-negative morphology.
holdout_low_rank_positives	10	holdouts	test_trasancos	wl-pos-pos-es-pba-14488	pos-es-pba-14488	1	positive	Castro de Ancos	Neda	Santa María de Neda (Santa María)	ES	-8.14047244366622	43.52154202964775	0.26730012	94	53	28	41		generic_castro_hint	Known positive ranked low by the main fusion model; inspect as false-negative morphology.
holdout_low_rank_positives	11	holdouts	test_trasancos	wl-pos-pos-es-pba-24674	pos-es-pba-24674	1	positive	Castro da Punta do Vico	Valdoviño	Valdoviño (Santaia)	ES	-8.147683735016127	43.62230830936563	0.26762530	93	25	13	68		coastal_promontory_hint	Known positive ranked low by the main fusion model; inspect as false-negative morphology.
holdout_low_rank_positives	12	holdouts	test_trasancos	wl-pos-pos-es-pba-9152	pos-es-pba-9152	1	positive	Castro de Canido	Ferrol	Ferrol	ES	-8.242723079720715	43.48378570961132	0.29191905	84	105	142	-21		generic_castro_hint	Known positive ranked low by the main fusion model; inspect as false-negative morphology.
holdout_low_rank_positives	13	holdouts	test_trasancos	wl-pos-pos-es-pba-14593	pos-es-pba-14593	1	positive	Castro de Trasancos	Narón	Trasancos (San Mateo)	ES	-8.220621570398505	43.54366705275839	0.33627011	76	93	67	-17		generic_castro_hint	Known positive ranked low by the main fusion model; inspect as false-negative morphology.
holdout_low_rank_positives	14	holdouts	test_trasancos	wl-pos-pos-es-pba-14589	pos-es-pba-14589	1	positive	Castro de Petouzal/Castro da Croa	Narón	Narón	ES	-8.17901516416762	43.501629521149226	0.34422154	75	92	147	-17		croa_top_ring_hint	Known positive ranked low by the main fusion model; inspect as false-negative morphology.
holdout_low_rank_positives	15	holdouts	test_trasancos	wl-pos-pos-es-pba-24335	pos-es-pba-24335	1	positive	O Castro	Valdoviño	Lago (Santiago)	ES	-8.17116511354815	43.59217497513028	0.35609470	72	86	119	-14		generic_castro_hint	Known positive ranked low by the main fusion model; inspect as false-negative morphology.
holdout_low_rank_positives	16	holdouts	test_trasancos	wl-pos-pos-es-pba-9183	pos-es-pba-9183	1	positive	Castro de Marmancón/Castro de Papoi	Ferrol	Marmancón (San Pedro)	ES	-8.249128691469277	43.539632953340096	0.37927244	65	78	64	-13		coastal_promontory_hint	Known positive ranked low by the main fusion model; inspect as false-negative morphology.
holdout_low_rank_positives	17	holdouts	test_trasancos	wl-pos-pos-es-pba-20784	pos-es-pba-20784	1	positive	Castro de croas de Ramil	San Sadurniño	Lamas (San Xiao)	ES	-8.042097773882631	43.54078893976058	0.39220577	62	75	128	-13		croa_top_ring_hint	Known positive ranked low by the main fusion model; inspect as false-negative morphology.
holdout_low_rank_positives	18	holdouts	test_trasancos	wl-pos-pos-es-pba-24705	pos-es-pba-24705	1	positive	Castro de Lagoa	Valdoviño	Pantín (Santiago)	ES	-8.119373302895987	43.63140985564435	0.40149863	61	58	35	3		generic_castro_hint	Known positive ranked low by the main fusion model; inspect as false-negative morphology.
holdout_low_rank_positives	19	holdouts	test_trasancos	wl-pos-pos-es-pba-9886	pos-es-pba-9886	1	positive	Porta do Castro/Arco do Cristo	Ferrol	Ferrol	ES	-8.242394964840896	43.47839760085566	0.40925940	59	70	183	-11		generic_castro_hint	Known positive ranked low by the main fusion model; inspect as false-negative morphology.
holdout_low_rank_positives	20	holdouts	test_trasancos	wl-pos-pos-es-pba-14336	pos-es-pba-14336	1	positive	O Castro	Narón	Castro (Santa María)	ES	-8.1781798324184	43.544581317028644	0.43335312	57	68	177	-11		generic_castro_hint	Known positive ranked low by the main fusion model; inspect as false-negative morphology.
holdout_low_rank_positives	21	holdouts	test_trasancos	wl-pos-pos-es-pba-24678	pos-es-pba-24678	1	positive	Castro de Coto Redondo	Valdoviño	Pantín (Santiago)	ES	-8.110405528230721	43.64384397902806	0.47510947	54	64	111	-10		hilltop_hint	Known positive ranked low by the main fusion model; inspect as false-negative morphology.
holdout_low_rank_positives	22	holdouts	test_trasancos	wl-pos-pos-es-pba-14592	pos-es-pba-14592	1	positive	Castro de Sequeiro/Castro de Narón	Narón	San Xiao de Narón (San Xiao)	ES	-8.172870217067269	43.53362624920575	0.47687365	52	62	191	-10		generic_castro_hint	Known positive ranked low by the main fusion model; inspect as false-negative morphology.
holdout_low_rank_positives	23	holdouts	test_trasancos	wl-pos-pos-es-pba-9154	pos-es-pba-9154	1	positive	Castro de Leixa/A Croa de Leixa	Ferrol	Leixa (San Pedro)	ES	-8.20836441392536	43.522706975089974	0.48876775	51	60	116	-9		croa_top_ring_hint	Known positive ranked low by the main fusion model; inspect as false-negative morphology.
holdout_low_rank_positives	24	holdouts	test_trasancos	wl-pos-pos-es-pba-9184	pos-es-pba-9184	1	positive	Castro de Santa Cecilia	Ferrol	Santa Cecilia de Trasancos (Santa Cecilia)	ES	-8.199972868867611	43.51103121295041	0.51840315	50	56	72	-6		generic_castro_hint	Known positive ranked low by the main fusion model; inspect as false-negative morphology.
holdout_low_rank_positives	25	holdouts	test_trasancos	wl-pos-pos-es-pba-9153	pos-es-pba-9153	1	positive	Castro de Ferrol Vello	Ferrol	Ferrol	ES	-8.242683156451365	43.47962400888347	0.52383388	49	55	42	-6		generic_castro_hint	Known positive ranked low by the main fusion model; inspect as false-negative morphology.
holdout_morphology_rescues	1	holdouts	test_o_val	wl-pos-pos-es-pba-14588	pos-es-pba-14588	1	positive	Castro de Pena Lopesa	Narón	O Val (Santa María A Maior)	ES	-8.22594601477777	43.57701844556937	0.06230073	199	72	47	127		hilltop_hint	Known positive moved upward by max_safety; inspect morphology archetype missed by the main model.
holdout_morphology_rescues	2	holdouts	test_trasancos	wl-pos-pos-es-pba-20704	pos-es-pba-20704	1	positive	A Croa	San Sadurniño	Naraío (Santa María)	ES	-8.081000277632068	43.48946910625164	0.14655968	155	71	46	84		croa_top_ring_hint	Known positive moved upward by max_safety; inspect morphology archetype missed by the main model.
holdout_morphology_rescues	3	holdouts	test_trasancos	wl-pos-pos-es-pba-8709	pos-es-pba-8709	1	positive	Castro do Río Castro	Fene	Limodre (Santa Baia)	ES	-8.186321260418124	43.42396916091138	0.16775494	141	69	44	72		valley_or_river_edge_hint	Known positive moved upward by max_safety; inspect morphology archetype missed by the main model.
holdout_morphology_rescues	4	holdouts	test_trasancos	wl-pos-pos-es-pba-24337	pos-es-pba-24337	1	positive	Os Castros	Valdoviño	Pantín (Santiago)	ES	-8.093620081527554	43.639579102678184	0.13453320	160	90	62	70		generic_castro_hint	Known positive moved upward by max_safety; inspect morphology archetype missed by the main model.
holdout_morphology_rescues	5	holdouts	test_trasancos	wl-pos-pos-es-pba-24674	pos-es-pba-24674	1	positive	Castro da Punta do Vico	Valdoviño	Valdoviño (Santaia)	ES	-8.147683735016127	43.62230830936563	0.26762530	93	25	13	68		coastal_promontory_hint	Known positive moved upward by max_safety; inspect morphology archetype missed by the main model.
holdout_morphology_rescues	6	holdouts	test_trasancos	wl-pos-pos-es-pba-10165	pos-es-pba-10165	1	positive	Monte do Castro/Castro de Vilela	Ferrol	Mandiá (Santa Uxía)	ES	-8.239830294287893	43.524029972263946	0.11178112	172	123	99	49		hilltop_hint	Known positive moved upward by max_safety; inspect morphology archetype missed by the main model.
holdout_morphology_rescues	7	holdouts	test_trasancos	wl-pos-pos-es-pba-14488	pos-es-pba-14488	1	positive	Castro de Ancos	Neda	Santa María de Neda (Santa María)	ES	-8.14047244366622	43.52154202964775	0.26730012	94	53	28	41		generic_castro_hint	Known positive moved upward by max_safety; inspect morphology archetype missed by the main model.
holdout_morphology_rescues	8	holdouts	test_trasancos	wl-pos-pos-es-pba-24712	pos-es-pba-24712	1	positive	Castro de Vilarrube/Os Castros de Ferreirías	Valdoviño	Pantín (Santiago)	ES	-8.08589185535877	43.637237042304854	0.67035158	31	7	7	24		generic_castro_hint	Known positive moved upward by max_safety; inspect morphology archetype missed by the main model.
holdout_morphology_rescues	9	holdouts	test_trasancos	wl-pos-pos-es-pba-14519	pos-es-pba-14519	1	positive	Castros	Neda	Santa María de Neda (Santa María)	ES	-8.149740461365019	43.50786201500216	0.85008031	15	5	5	10		generic_castro_hint	Known positive moved upward by max_safety; inspect morphology archetype missed by the main model.
holdout_morphology_rescues	10	holdouts	test_trasancos	wl-pos-pos-es-pba-24705	pos-es-pba-24705	1	positive	Castro de Lagoa	Valdoviño	Pantín (Santiago)	ES	-8.119373302895987	43.63140985564435	0.40149863	61	58	35	3		generic_castro_hint	Known positive moved upward by max_safety; inspect morphology archetype missed by the main model.
holdout_morphology_rescues	11	holdouts	test_trasancos	wl-pos-pos-es-pba-24709	pos-es-pba-24709	1	positive	Castro de Punta Frouxeira	Valdoviño	Valdoviño (Santaia)	ES	-8.148872875517807	43.618480398789906	0.93602800	7	4	4	3		coastal_promontory_hint	Known positive moved upward by max_safety; inspect morphology archetype missed by the main model.
holdout_morphology_rescues	12	holdouts	test_trasancos	wl-pos-pos-es-pba-24710	pos-es-pba-24710	1	positive	Castro de Punta Taraza	Valdoviño	Meirás (San Vicente)	ES	-8.198712287595123	43.60215405961929	0.96686012	4	3	3	1		coastal_promontory_hint	Known positive moved upward by max_safety; inspect morphology archetype missed by the main model.
holdout_morphology_rescues	13	holdouts	test_trasancos	wl-pos-pos-es-pba-10262	pos-es-pba-10262	1	positive	Necrópole de Santa Comba/Castro de Santa Comba	Ferrol	Covas (San Martiño)	ES	-8.282642845995516	43.559082757693524	0.97212417	3	2	2	1		generic_castro_hint	Known positive moved upward by max_safety; inspect morphology archetype missed by the main model.
val_top_weak_negatives	1	val	val	wl-neg-neg-es-pba-43202	neg-es-pba-43202	0	hard_negative	O Castelo	O Vicedo	San Román de Vale (San Román)	ES	-7.649716659791161	43.73979523101907	0.95035334	43	90	110	-47	historic_fortification		Weak-label negative ranked high on validation; inspect before treating it as true absence.
val_top_weak_negatives	2	val	val	wl-neg-neg-es-pba-66744	neg-es-pba-66744	0	hard_negative	Mámoa de Outeiro	Meis	Meis (San Salvador)	ES	-8.728320622467985	42.502223980991474	0.93649696	52	106	148	-54	megalithic_mound		Weak-label negative ranked high on validation; inspect before treating it as true absence.
val_top_weak_negatives	3	val	val	wl-neg-neg-es-pba-64716	neg-es-pba-64716	0	hard_negative	Artesa dos Mouros	A Estrada	Callobre (San Martiño)	ES	-8.439322851707587	42.70877689915728	0.92718412	56	117	156	-61	megalithic_mound		Weak-label negative ranked high on validation; inspect before treating it as true absence.
val_top_weak_negatives	4	val	val	wl-neg-neg-es-pba-29293	neg-es-pba-29293	0	hard_negative	O Castelo	Chantada	Pedrafita (Santa Baia)	ES	-7.744165519059862	42.66039310678573	0.92009952	64	131	236	-67	historic_fortification		Weak-label negative ranked high on validation; inspect before treating it as true absence.
val_top_weak_negatives	5	val	val	wl-neg-neg-es-pba-61897	neg-es-pba-61897	0	hard_negative	Petróglifo do Monte Castelo	Cambados	Castrelo (Santa Cruz)	ES	-8.81471825153696	42.47067040256831	0.86993465	98	156	125	-58	rock_art_surface		Weak-label negative ranked high on validation; inspect before treating it as true absence.
val_top_weak_negatives	6	val	val	wl-neg-neg-es-pba-13768	neg-es-pba-13768	0	hard_negative	Mámoa de Vilachá 4	Monfero	O Alto de Xestoso (Santa María)	ES	-7.933047075263257	43.364297501829014	0.84076929	126	221	1721	-95	megalithic_mound		Weak-label negative ranked high on validation; inspect before treating it as true absence.
val_top_weak_negatives	7	val	val	wl-neg-neg-es-pba-71376	neg-es-pba-71376	0	hard_negative	Mámoa do Coto da Cruz 1	Salceda de Caselas	A Picoña (San Martiño)	ES	-8.550010560347589	42.12694262148482	0.82532299	137	162	129	-25	megalithic_mound		Weak-label negative ranked high on validation; inspect before treating it as true absence.
val_top_weak_negatives	8	val	val	wl-neg-neg-es-pba-13691	neg-es-pba-13691	0	hard_negative	Mámoa da Armada	Monfero	O Alto de Xestoso (Santa María)	ES	-7.92308469670636	43.350970054874345	0.82370902	138	237	904	-99	megalithic_mound		Weak-label negative ranked high on validation; inspect before treating it as true absence.
val_top_weak_negatives	9	val	val	wl-neg-neg-es-pba-64761	neg-es-pba-64761	0	hard_negative	Coto da Mámoa	A Estrada	Orazo (San Pedro)	ES	-8.356431499157418	42.74199468035481	0.82355366	139	238	528	-99	megalithic_mound		Weak-label negative ranked high on validation; inspect before treating it as true absence.
val_top_weak_negatives	10	val	val	wl-neg-neg-es-pba-31891	neg-es-pba-31891	0	hard_negative	Medoña do Marco da Picota	Guitiriz	Santa Mariña de Lagostelle (Santa Mariña)	ES	-7.909246495526192	43.16321221370648	0.81119612	143	246	231	-103	megalithic_mound		Weak-label negative ranked high on validation; inspect before treating it as true absence.
val_top_weak_negatives	11	val	val	wl-neg-neg-es-pba-36010	neg-es-pba-36010	0	hard_negative	Medorra do Coto 1	Outeiro de Rei	San Tomé de Gaioso (San Tom‚)	ES	-7.711660523297318	43.10754875115939	0.80427834	147	253	295	-106	megalithic_mound		Weak-label negative ranked high on validation; inspect before treating it as true absence.
val_top_weak_negatives	12	val	val	wl-neg-neg-es-pba-29823	neg-es-pba-29823	0	hard_negative	Petróglifo do Piornedo	Cervantes	Donís (San Fiz)	ES	-6.875323294454912	42.85556027213712	0.78691695	161	271	321	-110	rock_art_surface		Weak-label negative ranked high on validation; inspect before treating it as true absence.
val_top_weak_negatives	13	val	val	wl-neg-neg-es-pba-61896	neg-es-pba-61896	0	hard_negative	Petróglifo do Con das Sete Pías	Cambados	Oubiña (San Vicenzo)	ES	-8.781004818344071	42.524376037427814	0.78433788	163	107	86	56	rock_art_surface		Weak-label negative ranked high on validation; inspect before treating it as true absence.
val_top_weak_negatives	14	val	val	wl-neg-neg-es-pba-30245	neg-es-pba-30245	0	hard_negative	Mámoa de Pena das Cruces	Guitiriz	Os Vilares (San Vicenzo)	ES	-7.929725982849318	43.23601523050398	0.77486085	168	280	324	-112	megalithic_mound		Weak-label negative ranked high on validation; inspect before treating it as true absence.
val_top_weak_negatives	15	val	val	wl-neg-neg-es-pba-25994	neg-es-pba-25994	0	hard_negative	Mámoa das Lagoas 3	Vedra	Trobe (Santo André)	ES	-8.493886755582128	42.767404724121135	0.77278600	170	91	71	79	megalithic_mound		Weak-label negative ranked high on validation; inspect before treating it as true absence.
val_top_weak_negatives	16	val	val	wl-neg-neg-es-pba-32009	neg-es-pba-32009	0	hard_negative	Medorra de Pegureiros 1	Guitiriz	As Negradas (San Vicenzo)	ES	-7.899188895191932	43.1181709476038	0.77180555	173	283	553	-110	megalithic_mound		Weak-label negative ranked high on validation; inspect before treating it as true absence.
val_top_weak_negatives	17	val	val	wl-neg-neg-es-pba-32359	neg-es-pba-32359	0	hard_negative	Medoña das Casillas/Augas Longas	Guitiriz	Santa Mariña de Lagostelle (Santa Mariña)	ES	-7.9250203313299945	43.182760279517744	0.76339119	177	239	187	-62	megalithic_mound		Weak-label negative ranked high on validation; inspect before treating it as true absence.
val_top_weak_negatives	18	val	val	wl-neg-neg-es-pba-31139	neg-es-pba-31139	0	hard_negative	Medorra de Casacabreira 5	A Fonsagrada	Monteseiro (San Bartolo)	ES	-6.9875412685714835	43.13781590194546	0.75911639	178	293	434	-115	megalithic_mound		Weak-label negative ranked high on validation; inspect before treating it as true absence.
val_top_weak_negatives	19	val	val	wl-neg-neg-es-pba-35996	neg-es-pba-35996	0	hard_negative	A Medorra	Outeiro de Rei	Sobrada de Aguiar (Santa María Madanela)	ES	-7.531829204219744	43.12087868618973	0.75530238	181	297	761	-116	megalithic_mound		Weak-label negative ranked high on validation; inspect before treating it as true absence.
val_top_weak_negatives	20	val	val	wl-neg-neg-es-pba-32355	neg-es-pba-32355	0	hard_negative	Medoña da Roza da Modia Grande II-2	Guitiriz	O Buriz (San Pedro)	ES	-7.867486695481756	43.27278766875673	0.75354110	184	300	1454	-116	megalithic_mound		Weak-label negative ranked high on validation; inspect before treating it as true absence.
val_top_weak_negatives	21	val	val	wl-neg-neg-es-pba-64194	neg-es-pba-64194	0	hard_negative	Petróglifos da Quenlla dos Castiñeiros	A Estrada	San Miguel de Barcala (San Miguel)	ES	-8.566589202207755	42.7397757840612	0.75138984	185	302	417	-117	rock_art_surface		Weak-label negative ranked high on validation; inspect before treating it as true absence.
val_top_weak_negatives	22	val	val	wl-neg-neg-es-pba-35700	neg-es-pba-35700	0	hard_negative	Castelo	Ourol	Miñotos (San Pedro)	ES	-7.585296375774332	43.57672543262465	0.73981654	190	170	135	20	historic_fortification		Weak-label negative ranked high on validation; inspect before treating it as true absence.
val_top_weak_negatives	23	val	val	wl-neg-neg-es-pba-80002	neg-es-pba-80002	0	hard_negative	Mámoa de Guidoiro Areoso 2	A Illa de Arousa	A Illa de Arousa (San Xulián)	ES	-8.90197271317079	42.540075125345126	0.73816493	192	4	4	188	megalithic_mound		Weak-label negative ranked high on validation; inspect before treating it as true absence.
val_top_weak_negatives	24	val	val	wl-neg-neg-es-pba-35900	neg-es-pba-35900	0	hard_negative	Medorra de Rozas/Rozas de Tumbo 3	Outeiro de Rei	Arcos (San Pedro)	ES	-7.50598279378342	43.13254542210238	0.73519209	196	103	84	93	megalithic_mound		Weak-label negative ranked high on validation; inspect before treating it as true absence.
val_top_weak_negatives	25	val	val	wl-neg-neg-es-pba-64437	neg-es-pba-64437	0	hard_negative	Mámoa do Foxo	A Estrada	San Pedro de Ancorados (San Pedro)	ES	-8.406332823630136	42.708234080468785	0.73110196	198	216	173	-18	megalithic_mound		Weak-label negative ranked high on validation; inspect before treating it as true absence.
val_top_weak_negatives	26	val	val	wl-neg-neg-es-pba-30159	neg-es-pba-30159	0	hard_negative	Mámoa de Xur da Medoña 2	Guitiriz	Santa Mariña de Lagostelle (Santa Mariña)	ES	-7.937343721782106	43.17452091215594	0.72691003	201	322	424	-121	megalithic_mound		Weak-label negative ranked high on validation; inspect before treating it as true absence.
val_top_weak_negatives	27	val	val	wl-neg-neg-es-pba-80005	neg-es-pba-80005	0	hard_negative	Mámoa de Guidoiro Areoso 5	A Illa de Arousa	A Illa de Arousa (San Xulián)	ES	-8.900351310780719	42.54113641391665	0.72393571	203	15	15	188	megalithic_mound		Weak-label negative ranked high on validation; inspect before treating it as true absence.
val_top_weak_negatives	28	val	val	wl-neg-neg-es-pba-32436	neg-es-pba-32436	0	hard_negative	Medoña de Pena Redonda	Guitiriz	Os Vilares (San Vicenzo)	ES	-7.891449794843485	43.24239452816248	0.71648085	209	338	679	-129	megalithic_mound		Weak-label negative ranked high on validation; inspect before treating it as true absence.
val_top_weak_negatives	29	val	val	wl-neg-neg-es-pba-30909	neg-es-pba-30909	0	hard_negative	Medorra da Campa do Searo	A Fonsagrada	Lamas de Moreira (Santa María)	ES	-7.06827325699685	43.01844401405456	0.71483259	211	341	736	-130	megalithic_mound		Weak-label negative ranked high on validation; inspect before treating it as true absence.
val_top_weak_negatives	30	val	val	wl-neg-neg-es-pba-9465	neg-es-pba-9465	0	hard_negative	Petróglifo de Lomba das Pozas 2	Dodro	San Xoán de Laíño (San Xoán)	ES	-8.757292803906585	42.73678192839669	0.70920107	217	347	635	-130	rock_art_surface		Weak-label negative ranked high on validation; inspect before treating it as true absence.
val_top_weak_negatives	31	val	val	wl-neg-neg-es-pba-30880	neg-es-pba-30880	0	hard_negative	Medorra do Chao do Ventorrillo 2	A Fonsagrada	A Veiga de Logares (Santa María)	ES	-7.071120611540378	43.257955505476644	0.70349911	219	353	1725	-134	megalithic_mound		Weak-label negative ranked high on validation; inspect before treating it as true absence.
val_top_weak_negatives	32	val	val	wl-neg-neg-es-pba-63098	neg-es-pba-63098	0	hard_negative	Petróglifo do Outeiro das Cruces	A Cañiza	Petán (San Xián)	ES	-8.27812291767691	42.26108218098405	0.70001865	221	355	345	-134	rock_art_surface		Weak-label negative ranked high on validation; inspect before treating it as true absence.
val_top_weak_negatives	33	val	val	wl-neg-neg-es-pba-13816	neg-es-pba-13816	0	hard_negative	Mámoa do Xestal 4	Monfero	San Fiz de Monfero (San Fiz)	ES	-8.030889164536855	43.3091116271125	0.69394935	228	361	358	-133	megalithic_mound		Weak-label negative ranked high on validation; inspect before treating it as true absence.
val_top_weak_negatives	34	val	val	wl-neg-neg-es-pba-26548	neg-es-pba-26548	0	hard_negative	Mámoa 1 de Cimadevila	Vedra	San Miguel de Sarandón (San Miguel)	ES	-8.466344549600262	42.76531432369038	0.69287377	230	362	1038	-132	megalithic_mound		Weak-label negative ranked high on validation; inspect before treating it as true absence.
val_top_weak_negatives	35	val	val	wl-neg-neg-es-pba-32430	neg-es-pba-32430	0	hard_negative	Medoña de Pena Blanca 1	Guitiriz	Pígara (San Pedro)	ES	-7.75978933722244	43.208866326831306	0.69080342	232	364	319	-132	megalithic_mound		Weak-label negative ranked high on validation; inspect before treating it as true absence.
val_top_weak_negatives	36	val	val	wl-neg-neg-es-pba-32275	neg-es-pba-32275	0	hard_negative	Mámoas (Reboiras)	Guitiriz	Os Vilares (San Vicenzo)	ES	-7.883610097690049	43.244976494365645	0.68707982	233	368	1257	-135	megalithic_mound		Weak-label negative ranked high on validation; inspect before treating it as true absence.
val_top_weak_negatives	37	val	val	wl-neg-neg-es-pba-13695	neg-es-pba-13695	0	hard_negative	Mámoa da Cruz de Goente	Monfero	San Fiz de Monfero (San Fiz)	ES	-8.074840109067422	43.347014172107265	0.68612139	234	370	659	-136	megalithic_mound		Weak-label negative ranked high on validation; inspect before treating it as true absence.
val_top_weak_negatives	38	val	val	wl-neg-neg-es-pba-15476	neg-es-pba-15476	0	hard_negative	A Medorra/O Petón/Mámoa do Petón 2	Oroso	Senra (Santa Eulalia)	ES	-8.366643637168874	43.004501975218005	0.68242550	237	375	816	-138	megalithic_mound		Weak-label negative ranked high on validation; inspect before treating it as true absence.
val_top_weak_negatives	39	val	val	wl-neg-neg-es-pba-31976	neg-es-pba-31976	0	hard_negative	Medorra de Gandarón 2	Guitiriz	Becín (San Xiao)	ES	-7.855481675011344	43.15375852972732	0.68129912	238	378	686	-140	megalithic_mound		Weak-label negative ranked high on validation; inspect before treating it as true absence.
val_top_weak_negatives	40	val	val	wl-neg-neg-es-pba-63336	neg-es-pba-63336	0	hard_negative	Mámoa de Marco Pedroso 04	A Cañiza	A Ameixeira (San Bernabeu)	ES	-8.220496341937512	42.23069313705975	0.67459730	240	383	629	-143	megalithic_mound		Weak-label negative ranked high on validation; inspect before treating it as true absence.
val_top_weak_negatives	41	val	val	wl-neg-neg-es-pba-31105	neg-es-pba-31105	0	hard_negative	Medorra de Casacabreira 2	A Fonsagrada	Monteseiro (San Bartolo)	ES	-6.987870223767931	43.138015844567306	0.67207808	242	387	646	-145	megalithic_mound		Weak-label negative ranked high on validation; inspect before treating it as true absence.
val_top_weak_negatives	42	val	val	wl-neg-neg-es-pba-30361	neg-es-pba-30361	0	hard_negative	Mámoa de Vilanova 6	Guitiriz	Trasparga (Santiago)	ES	-7.824331842787302	43.187886383018395	0.67169943	243	388	592	-145	megalithic_mound		Weak-label negative ranked high on validation; inspect before treating it as true absence.
val_top_weak_negatives	43	val	val	wl-neg-neg-es-pba-65072	neg-es-pba-65072	0	hard_negative	Petróglifo de Chan de Moeiras	Crecente	Filgueira (San Pedro)	ES	-8.207254928279895	42.24221909970552	0.67071212	245	294	237	-49	rock_art_surface		Weak-label negative ranked high on validation; inspect before treating it as true absence.
val_top_weak_negatives	44	val	val	wl-neg-neg-es-pba-13774	neg-es-pba-13774	0	hard_negative	Mámoa do Cruceiro da Lobeta	Monfero	O Val de Xestoso (San Pedro)	ES	-7.969839278131716	43.3229190663494	0.66934952	246	391	921	-145	megalithic_mound		Weak-label negative ranked high on validation; inspect before treating it as true absence.
val_top_weak_negatives	45	val	val	wl-neg-neg-es-pba-35933	neg-es-pba-35933	0	hard_negative	Medorra do Monte de Santa Mariña 5	Outeiro de Rei	Outeiro de Rei (San Xoán)	ES	-7.59543124775862	43.10767951370981	0.66859486	247	50	43	197	megalithic_mound		Weak-label negative ranked high on validation; inspect before treating it as true absence.
val_top_weak_negatives	46	val	val	wl-neg-neg-es-pba-13694	neg-es-pba-13694	0	hard_negative	Mámoa da Cota	Monfero	O Val de Xestoso (San Pedro)	ES	-7.971372197039102	43.32288230171318	0.66732874	249	395	1222	-146	megalithic_mound		Weak-label negative ranked high on validation; inspect before treating it as true absence.
val_top_weak_negatives	47	val	val	wl-neg-neg-es-pba-36011	neg-es-pba-36011	0	hard_negative	Medorra do Coto 2	Outeiro de Rei	San Tomé de Gaioso (San Tom‚)	ES	-7.713121400356126	43.10649094317678	0.66649292	250	396	340	-146	megalithic_mound		Weak-label negative ranked high on validation; inspect before treating it as true absence.
val_top_weak_negatives	48	val	val	wl-neg-neg-es-pba-30869	neg-es-pba-30869	0	hard_negative	Mámoa da Castañosa 1	A Fonsagrada	San Pedro de Río (San Pedro)	ES	-7.124144152830854	42.99843514533548	0.66094505	254	223	177	31	megalithic_mound		Weak-label negative ranked high on validation; inspect before treating it as true absence.
val_top_weak_negatives	49	val	val	wl-neg-neg-es-pba-35932	neg-es-pba-35932	0	hard_negative	Medorra do Monte de Santa Mariña 4	Outeiro de Rei	Outeiro de Rei (San Xoán)	ES	-7.595728745144799	43.10773438009708	0.65822928	257	42	37	215	megalithic_mound		Weak-label negative ranked high on validation; inspect before treating it as true absence.
val_top_weak_negatives	50	val	val	wl-neg-neg-es-pba-31073	neg-es-pba-31073	0	hard_negative	O Castelo/Castelo de Castañoso	A Fonsagrada	Maderne (San Pedro)	ES	-7.135345166845082	43.17117388616058	0.65819049	258	9	9	249	historic_fortification		Weak-label negative ranked high on validation; inspect before treating it as true absence.
val_low_rank_weak_positives	1	val	val	wl-pos-pos-es-pba-30789	pos-es-pba-30789	1	positive	Castro de Vilarín de Arriba	A Fonsagrada	San Martín de Suarna (San Martín)	ES	-7.015414525821192	43.13988676353711	0.01282522	1843	33	29	1810		generic_castro_hint	Weak positive ranked low on validation; inspect label noise, morphology and imagery quality.
val_low_rank_weak_positives	2	val	val	wl-pos-pos-es-pba-12801	pos-es-pba-12801	1	positive	Castro	Mañón		ES	-7.7000687773603875	43.66571995489202	0.01470064	1842	68	53	1774		generic_castro_hint	Weak positive ranked low on validation; inspect label noise, morphology and imagery quality.
val_low_rank_weak_positives	3	val	val	wl-pos-pos-es-pba-29137	pos-es-pba-29137	1	positive	A Croa de Aguiar	A Fonsagrada	San Pedro de Río (San Pedro)	ES	-7.125881702664306	43.022003717529316	0.01521199	1841	52	45	1789		croa_top_ring_hint	Weak positive ranked low on validation; inspect label noise, morphology and imagery quality.
val_low_rank_weak_positives	4	val	val	wl-pos-pos-es-pba-63859	pos-es-pba-63859	1	positive	Casa do Castro	Campo Lameiro	Morillas (Santiago)	ES	-8.498408357336032	42.555050382391805	0.02670907	1825	1613	1269	212		generic_castro_hint	Weak positive ranked low on validation; inspect label noise, morphology and imagery quality.
val_low_rank_weak_positives	5	val	val	wl-pos-pos-es-pba-69292	pos-es-pba-69292	1	positive	Castro de Mougás/O Crasto	Oia	Mougás (Santa Uxía)	ES	-8.873630702842346	42.04729664956693	0.04772812	1763	1310	936	453		generic_castro_hint	Weak positive ranked low on validation; inspect label noise, morphology and imagery quality.
val_low_rank_weak_positives	6	val	val	wl-pos-pos-es-pba-28733	pos-es-pba-28733	1	positive	O Castro	Barreiros	Cabarcos (San Xulián)	ES	-7.22652655882318	43.49768971762742	0.04952022	1749	1830	1720	-81		generic_castro_hint	Weak positive ranked low on validation; inspect label noise, morphology and imagery quality.
val_low_rank_weak_positives	7	val	val	wl-pos-pos-es-pba-68699	pos-es-pba-68699	1	positive	O Castro	Oia	Pedornes (San Mamede)	ES	-8.876937344097318	42.02372556074861	0.06670480	1671	686	502	985		generic_castro_hint	Weak positive ranked low on validation; inspect label noise, morphology and imagery quality.
val_low_rank_weak_positives	8	val	val	wl-pos-pos-es-pba-70807	pos-es-pba-70807	1	positive	Castro do Alto de San Cibrán	Salceda de Caselas	A Picoña (San Martiño)	ES	-8.562686598016521	42.14309059603565	0.07422824	1636	262	210	1374		hilltop_hint	Weak positive ranked low on validation; inspect label noise, morphology and imagery quality.
val_low_rank_weak_positives	9	val	val	wl-pos-pos-es-pba-69293	pos-es-pba-69293	1	positive	Castro do Bosque	Oia	Oia (Santa María)	ES	-8.870525020034952	42.00168284674323	0.08240084	1595	477	366	1118		generic_castro_hint	Weak positive ranked low on validation; inspect label noise, morphology and imagery quality.
val_low_rank_weak_positives	10	val	val	wl-pos-pos-es-pba-68624	pos-es-pba-68624	1	positive	Monte do Castro	Oia	Pedornes (San Mamede)	ES	-8.875610947222055	42.01591313556622	0.08283888	1594	923	655	671		hilltop_hint	Weak positive ranked low on validation; inspect label noise, morphology and imagery quality.
val_low_rank_weak_positives	11	val	val	wl-pos-pos-es-pba-46139	pos-es-pba-46139	1	positive	O Castro/A Mourisca/Xacemento do Castro de Beade	Beade	Beade (Santa María)	ES	-8.130357357032018	42.32512330754117	0.08679289	1581	428	336	1153		generic_castro_hint	Weak positive ranked low on validation; inspect label noise, morphology and imagery quality.
val_low_rank_weak_positives	12	val	val	wl-pos-pos-es-pba-24978	pos-es-pba-24978	1	positive	Castro da Copa	Touro	Loxo (Santa María)	ES	-8.349194247384062	42.87484630800282	0.09063513	1563	1503	1127	60		generic_castro_hint	Weak positive ranked low on validation; inspect label noise, morphology and imagery quality.
val_low_rank_weak_positives	13	val	val	wl-pos-pos-es-pba-58769	pos-es-pba-58769	1	positive	Castro do Castelo	Viana do Bolo	Quintela de Umoso (Padre Eterno)	ES	-7.073537835454599	42.1504903481179	0.09505612	1545	111	89	1434		generic_castro_hint	Weak positive ranked low on validation; inspect label noise, morphology and imagery quality.
val_low_rank_weak_positives	14	val	val	wl-pos-pos-es-pba-29397	pos-es-pba-29397	1	positive	Castro de Candad	Chantada	Pedrafita (Santa Baia)	ES	-7.73630430123401	42.65948803776814	0.10776018	1489	1793	1851	-304		generic_castro_hint	Weak positive ranked low on validation; inspect label noise, morphology and imagery quality.
val_low_rank_weak_positives	15	val	val	wl-pos-pos-es-pba-58802	pos-es-pba-58802	1	positive	Castro do Coto	Viana do Bolo	Tabazoa de Hedroso (Santa María)	ES	-7.0662139779726845	42.217181531255015	0.12069130	1447	284	228	1163		hilltop_hint	Weak positive ranked low on validation; inspect label noise, morphology and imagery quality.
val_low_rank_weak_positives	16	val	val	wl-pos-pos-es-pba-58765	pos-es-pba-58765	1	positive	Castro da Fraga do Castrillón	Viana do Bolo	Covelo (San Lourenzo)	ES	-7.119429153895029	42.22680934751982	0.13379404	1400	892	633	508		castrel_toponym_hint	Weak positive ranked low on validation; inspect label noise, morphology and imagery quality.
val_low_rank_weak_positives	17	val	val	wl-pos-pos-es-pba-63965	pos-es-pba-63965	1	positive	Castro da Devesiña	Campo Lameiro	O Campo (San Miguel)	ES	-8.553165205254059	42.53525283476263	0.14131656	1374	994	701	380		generic_castro_hint	Weak positive ranked low on validation; inspect label noise, morphology and imagery quality.
val_low_rank_weak_positives	18	val	val	wl-pos-pos-es-pba-46140	pos-es-pba-46140	1	positive	O Castro/Sartego antropomorfo do Castro	Beade	Beade (Santa María)	ES	-8.130668145915354	42.32378210273757	0.14262395	1369	1032	724	337		generic_castro_hint	Weak positive ranked low on validation; inspect label noise, morphology and imagery quality.
val_low_rank_weak_positives	19	val	val	wl-pos-pos-es-pba-47185	pos-es-pba-47185	1	positive	Xacemento romano do Castro	Castrelo do Val	Castrelo do Val (Santa María)	ES	-7.430037611209077	41.983278496802875	0.19485620	1162	1568	1706	-406		generic_castro_hint	Weak positive ranked low on validation; inspect label noise, morphology and imagery quality.
val_low_rank_weak_positives	20	val	val	wl-pos-pos-es-pba-35702	pos-es-pba-35702	1	positive	Castro de Pena Gateira	Ourol	Bravos (Santiago)	ES	-7.642458623171671	43.593659855605146	0.20722190	1132	1239	872	-107		hilltop_hint	Weak positive ranked low on validation; inspect label noise, morphology and imagery quality.
val_low_rank_weak_positives	21	val	val	wl-pos-pos-es-pba-24554	pos-es-pba-24554	1	positive	Pombal no Castro	Touro	Prevediños (Santiago)	ES	-8.371934625986794	42.85362862119057	0.20852133	1129	1523	1480	-394		generic_castro_hint	Weak positive ranked low on validation; inspect label noise, morphology and imagery quality.
val_low_rank_weak_positives	22	val	val	wl-pos-pos-es-pba-30791	pos-es-pba-30791	1	positive	Castro do Medio	A Fonsagrada	Lamas de Moreira (Santa María)	ES	-7.075210586502403	43.0653069523313	0.21293360	1120	41	36	1079		generic_castro_hint	Weak positive ranked low on validation; inspect label noise, morphology and imagery quality.
val_low_rank_weak_positives	23	val	val	wl-pos-pos-es-pba-58803	pos-es-pba-58803	1	positive	Castro do Froxancal	Viana do Bolo	Hedroso (San Román)	ES	-7.079411492299075	42.205935551801176	0.21453366	1111	1505	1136	-394		generic_castro_hint	Weak positive ranked low on validation; inspect label noise, morphology and imagery quality.
val_low_rank_weak_positives	24	val	val	wl-pos-pos-es-pba-58798	pos-es-pba-58798	1	positive	Castro do Castelo	Viana do Bolo	Punxeiro (San Marcos)	ES	-7.083157063356173	42.17225861589847	0.22980224	1063	26	23	1037		generic_castro_hint	Weak positive ranked low on validation; inspect label noise, morphology and imagery quality.
val_low_rank_weak_positives	25	val	val	wl-pos-pos-es-pba-69291	pos-es-pba-69291	1	positive	Castro de Cividade/Castro de Viladesuso	Oia	Viladesuso (San Miguel)	ES	-8.870150879042841	42.0350447939914	0.23679522	1044	367	293	677		large_castrexo_civitas_hint	Weak positive ranked low on validation; inspect label noise, morphology and imagery quality.
val_low_rank_weak_positives	26	val	val	wl-pos-pos-es-pba-28589	pos-es-pba-28589	1	positive	Castro dos Calixos	Barreiros	Vilamartín Pequeno (San Xoán Degolado)	ES	-7.199790611342973	43.488202225975805	0.24304535	1024	1402	1063	-378		generic_castro_hint	Weak positive ranked low on validation; inspect label noise, morphology and imagery quality.
val_low_rank_weak_positives	27	val	val	wl-pos-pos-es-pba-9491	pos-es-pba-9491	1	positive	Castro	Dodro	San Xoán de Laíño (San Xoán)	ES	-8.720640967088528	42.72023104050819	0.24506523	1017	1396	1478	-379		generic_castro_hint	Weak positive ranked low on validation; inspect label noise, morphology and imagery quality.
val_low_rank_weak_positives	28	val	val	wl-pos-pos-es-pba-66779	pos-es-pba-66779	1	positive	Monte do Castro de Arcos	Meis	San Tomé de Nogueira (San Tom‚)	ES	-8.700718705561322	42.50856477021922	0.25122459	1007	423	332	584		hilltop_hint	Weak positive ranked low on validation; inspect label noise, morphology and imagery quality.
val_low_rank_weak_positives	29	val	val	wl-pos-pos-es-pba-59359	pos-es-pba-59359	1	positive	Castro de Ourille	Verea	Ourille (San Pedro)	ES	-7.936333664358758	42.10723733350916	0.25335569	1000	102	83	898		generic_castro_hint	Weak positive ranked low on validation; inspect label noise, morphology and imagery quality.
val_low_rank_weak_positives	30	val	val	wl-pos-pos-es-pba-66619	pos-es-pba-66619	1	positive	Ermida e Castelo do Monte Castrove	Meis	A Armenteira (Santa María)	ES	-8.702819451305215	42.48248479801781	0.25339501	999	565	426	434		hilltop_hint	Weak positive ranked low on validation; inspect label noise, morphology and imagery quality.
val_low_rank_weak_positives	31	val	val	wl-pos-pos-es-pba-46071	pos-es-pba-46071	1	positive	Coto do Castro	Beade	Beade (Santa María)	ES	-8.131303184393992	42.32573123250317	0.25803663	991	1153	803	-162		hilltop_hint	Weak positive ranked low on validation; inspect label noise, morphology and imagery quality.
val_low_rank_weak_positives	32	val	val	wl-pos-pos-es-pba-9496	pos-es-pba-9496	1	positive	Conxunto de Castro	Dodro	San Xoán de Laíño (San Xoán)	ES	-8.72071779148683	42.719812282778975	0.26378646	978	1343	1670	-365		generic_castro_hint	Weak positive ranked low on validation; inspect label noise, morphology and imagery quality.
val_low_rank_weak_positives	33	val	val	wl-pos-pos-es-pba-63455	pos-es-pba-63455	1	positive	Couto do Castro/O Castro	Campo Lameiro	Moimenta (Santa María)	ES	-8.483543611143975	42.57577208588973	0.27384607	943	308	249	635		hilltop_hint	Weak positive ranked low on validation; inspect label noise, morphology and imagery quality.
val_low_rank_weak_positives	34	val	val	wl-pos-pos-es-pba-58797	pos-es-pba-58797	1	positive	Castro do Castelo	Viana do Bolo	Pinza (Santa María)	ES	-7.10116369970316	42.17441422474813	0.27633453	933	1298	1135	-365		generic_castro_hint	Weak positive ranked low on validation; inspect label noise, morphology and imagery quality.
val_low_rank_weak_positives	35	val	val	wl-pos-pos-es-pba-31176	pos-es-pba-31176	1	positive	Capela de San Xoán Degolado en Castro	A Fonsagrada	Cuíñas (San Cristovo)	ES	-7.077247456700112	43.105493302301895	0.28044059	918	1280	1322	-362		generic_castro_hint	Weak positive ranked low on validation; inspect label noise, morphology and imagery quality.
val_low_rank_weak_positives	36	val	val	wl-pos-pos-es-pba-25010	pos-es-pba-25010	1	positive	Castro de Fao/A Croa do Castro	Touro	Fao (Santa Uxía)	ES	-8.292134315507132	42.85166278030645	0.28607652	904	1265	1571	-361		croa_top_ring_hint	Weak positive ranked low on validation; inspect label noise, morphology and imagery quality.
val_low_rank_weak_positives	37	val	val	wl-pos-pos-es-pba-64725	pos-es-pba-64725	1	positive	Castro de Vila Criste	A Estrada	Cora (San Miguel)	ES	-8.536652972635391	42.74668291363823	0.29049031	892	532	402	360		generic_castro_hint	Weak positive ranked low on validation; inspect label noise, morphology and imagery quality.
val_low_rank_weak_positives	38	val	val	wl-pos-pos-es-pba-54470	pos-es-pba-54470	1	positive	Castro de San Vicente de Coucieiro	Paderne de Allariz	Coucieiro (San Vicente)	ES	-7.7678187971804125	42.247867507663656	0.29614857	883	1227	1105	-344		generic_castro_hint	Weak positive ranked low on validation; inspect label noise, morphology and imagery quality.
val_low_rank_weak_positives	39	val	val	wl-pos-pos-es-pba-35730	pos-es-pba-35730	1	positive	Chao do Castro	Ourol	Miñotos (San Pedro)	ES	-7.58788984405704	43.55460111284514	0.29660582	880	1225	1100	-345		generic_castro_hint	Weak positive ranked low on validation; inspect label noise, morphology and imagery quality.
val_low_rank_weak_positives	40	val	val	wl-pos-pos-es-pba-35866	pos-es-pba-35866	1	positive	Os Castros/Tras Os Castros	Outeiro de Rei	Castelo de Rei (San Salvador)	ES	-7.55843068307333	43.14166617788986	0.29772966	876	1221	1587	-345		generic_castro_hint	Weak positive ranked low on validation; inspect label noise, morphology and imagery quality.
val_low_rank_weak_positives	41	val	val	wl-pos-pos-es-pba-26452	pos-es-pba-26452	1	positive	Xacemento do Peto/Castro Pequeno	Vedra	Merín (San Cristovo)	ES	-8.454175784409403	42.7674220877566	0.29947497	874	739	531	135		generic_castro_hint	Weak positive ranked low on validation; inspect label noise, morphology and imagery quality.
val_low_rank_weak_positives	42	val	val	wl-pos-pos-es-pba-28585	pos-es-pba-28585	1	positive	Castro de Punta de San Pedro	Barreiros	San Pedro de Benquerencia (San Pedro)	ES	-7.202031945388303	43.56144384275869	0.29958041	872	373	298	499		coastal_promontory_hint	Weak positive ranked low on validation; inspect label noise, morphology and imagery quality.
val_low_rank_weak_positives	43	val	val	wl-pos-pos-es-pba-15426	pos-es-pba-15426	1	positive	Castro de Santa Cristina/Castro de Perillo	Oleiros	Perillo (Santa Locaia)	ES	-8.37314680950039	43.34327889223413	0.30296752	863	1209	1120	-346		generic_castro_hint	Weak positive ranked low on validation; inspect label noise, morphology and imagery quality.
val_low_rank_weak_positives	44	val	val	wl-pos-pos-es-pba-29400	pos-es-pba-29400	1	positive	Castro de Fornas de Abaixo	Chantada	Fornas (San Cristovo)	ES	-7.7831353652966575	42.62972719004807	0.30347730	862	1206	1786	-344		generic_castro_hint	Weak positive ranked low on validation; inspect label noise, morphology and imagery quality.
val_low_rank_weak_positives	45	val	val	wl-pos-pos-es-pba-30966	pos-es-pba-30966	1	positive	Os Castros das Engrobias/Castros de Lelle	Foz	San Martiño de Mondoñedo (San Marti¤o)	ES	-7.311971413888005	43.55486841672692	0.30856520	840	448	351	392		generic_castro_hint	Weak positive ranked low on validation; inspect label noise, morphology and imagery quality.
val_low_rank_weak_positives	46	val	val	wl-pos-pos-es-pba-58801	pos-es-pba-58801	1	positive	Castro do Castrillón	Viana do Bolo	Quintela de Hedroso (San Cosmede)	ES	-7.06688779577472	42.19264994377633	0.31140615	830	808	580	22		castrel_toponym_hint	Weak positive ranked low on validation; inspect label noise, morphology and imagery quality.
val_low_rank_weak_positives	47	val	val	wl-pos-pos-es-pba-24421	pos-es-pba-24421	1	positive	Medorra de Lañas/O Castro Grande/A Medorra	Touro	San Fiz de Quión (San Fiz)	ES	-8.271432385030025	42.88926127313282	0.31173728	828	557	420	271		generic_castro_hint	Weak positive ranked low on validation; inspect label noise, morphology and imagery quality.
val_low_rank_weak_positives	48	val	val	wl-pos-pos-es-pba-15716	pos-es-pba-15716	1	positive	O Castro/A Santiña/O Castro de Deixebre	Oroso	Deixebre (Santa María)	ES	-8.420101521238182	43.01045645925417	0.31310376	820	1166	1755	-346		generic_castro_hint	Weak positive ranked low on validation; inspect label noise, morphology and imagery quality.
val_low_rank_weak_positives	49	val	val	wl-pos-pos-es-pba-9469	pos-es-pba-9469	1	positive	Pombal cadrado en Castro	Dodro	San Xoán de Laíño (San Xoán)	ES	-8.72197639325666	42.71967125636917	0.32147001	799	1135	1190	-336		generic_castro_hint	Weak positive ranked low on validation; inspect label noise, morphology and imagery quality.
val_low_rank_weak_positives	50	val	val	wl-pos-pos-es-pba-9494	pos-es-pba-9494	1	positive	Castro de Lestrobe	Dodro	Dodro (Santa María)	ES	-8.674319349813626	42.734636908986175	0.32429507	787	398	316	389		generic_castro_hint	Weak positive ranked low on validation; inspect label noise, morphology and imagery quality.
val_morphology_rescues	1	val	val	wl-pos-pos-es-pba-30789	pos-es-pba-30789	1	positive	Castro de Vilarín de Arriba	A Fonsagrada	San Martín de Suarna (San Martín)	ES	-7.015414525821192	43.13988676353711	0.01282522	1843	33	29	1810		generic_castro_hint	Weak positive moved upward by max_safety; inspect as morphology-aware training evidence.
val_morphology_rescues	2	val	val	wl-pos-pos-es-pba-29137	pos-es-pba-29137	1	positive	A Croa de Aguiar	A Fonsagrada	San Pedro de Río (San Pedro)	ES	-7.125881702664306	43.022003717529316	0.01521199	1841	52	45	1789		croa_top_ring_hint	Weak positive moved upward by max_safety; inspect as morphology-aware training evidence.
val_morphology_rescues	3	val	val	wl-pos-pos-es-pba-12801	pos-es-pba-12801	1	positive	Castro	Mañón		ES	-7.7000687773603875	43.66571995489202	0.01470064	1842	68	53	1774		generic_castro_hint	Weak positive moved upward by max_safety; inspect as morphology-aware training evidence.
val_morphology_rescues	4	val	val	wl-pos-pos-es-pba-58769	pos-es-pba-58769	1	positive	Castro do Castelo	Viana do Bolo	Quintela de Umoso (Padre Eterno)	ES	-7.073537835454599	42.1504903481179	0.09505612	1545	111	89	1434		generic_castro_hint	Weak positive moved upward by max_safety; inspect as morphology-aware training evidence.
val_morphology_rescues	5	val	val	wl-pos-pos-es-pba-70807	pos-es-pba-70807	1	positive	Castro do Alto de San Cibrán	Salceda de Caselas	A Picoña (San Martiño)	ES	-8.562686598016521	42.14309059603565	0.07422824	1636	262	210	1374		hilltop_hint	Weak positive moved upward by max_safety; inspect as morphology-aware training evidence.
val_morphology_rescues	6	val	val	wl-pos-pos-es-pba-58802	pos-es-pba-58802	1	positive	Castro do Coto	Viana do Bolo	Tabazoa de Hedroso (Santa María)	ES	-7.0662139779726845	42.217181531255015	0.12069130	1447	284	228	1163		hilltop_hint	Weak positive moved upward by max_safety; inspect as morphology-aware training evidence.
val_morphology_rescues	7	val	val	wl-pos-pos-es-pba-46139	pos-es-pba-46139	1	positive	O Castro/A Mourisca/Xacemento do Castro de Beade	Beade	Beade (Santa María)	ES	-8.130357357032018	42.32512330754117	0.08679289	1581	428	336	1153		generic_castro_hint	Weak positive moved upward by max_safety; inspect as morphology-aware training evidence.
val_morphology_rescues	8	val	val	wl-pos-pos-es-pba-69293	pos-es-pba-69293	1	positive	Castro do Bosque	Oia	Oia (Santa María)	ES	-8.870525020034952	42.00168284674323	0.08240084	1595	477	366	1118		generic_castro_hint	Weak positive moved upward by max_safety; inspect as morphology-aware training evidence.
val_morphology_rescues	9	val	val	wl-pos-pos-es-pba-30791	pos-es-pba-30791	1	positive	Castro do Medio	A Fonsagrada	Lamas de Moreira (Santa María)	ES	-7.075210586502403	43.0653069523313	0.21293360	1120	41	36	1079		generic_castro_hint	Weak positive moved upward by max_safety; inspect as morphology-aware training evidence.
val_morphology_rescues	10	val	val	wl-pos-pos-es-pba-58798	pos-es-pba-58798	1	positive	Castro do Castelo	Viana do Bolo	Punxeiro (San Marcos)	ES	-7.083157063356173	42.17225861589847	0.22980224	1063	26	23	1037		generic_castro_hint	Weak positive moved upward by max_safety; inspect as morphology-aware training evidence.
val_morphology_rescues	11	val	val	wl-pos-pos-es-pba-68699	pos-es-pba-68699	1	positive	O Castro	Oia	Pedornes (San Mamede)	ES	-8.876937344097318	42.02372556074861	0.06670480	1671	686	502	985		generic_castro_hint	Weak positive moved upward by max_safety; inspect as morphology-aware training evidence.
val_morphology_rescues	12	val	val	wl-pos-pos-es-pba-59359	pos-es-pba-59359	1	positive	Castro de Ourille	Verea	Ourille (San Pedro)	ES	-7.936333664358758	42.10723733350916	0.25335569	1000	102	83	898		generic_castro_hint	Weak positive moved upward by max_safety; inspect as morphology-aware training evidence.
val_morphology_rescues	13	val	val	wl-pos-pos-es-pba-69291	pos-es-pba-69291	1	positive	Castro de Cividade/Castro de Viladesuso	Oia	Viladesuso (San Miguel)	ES	-8.870150879042841	42.0350447939914	0.23679522	1044	367	293	677		large_castrexo_civitas_hint	Weak positive moved upward by max_safety; inspect as morphology-aware training evidence.
val_morphology_rescues	14	val	val	wl-pos-pos-es-pba-68624	pos-es-pba-68624	1	positive	Monte do Castro	Oia	Pedornes (San Mamede)	ES	-8.875610947222055	42.01591313556622	0.08283888	1594	923	655	671		hilltop_hint	Weak positive moved upward by max_safety; inspect as morphology-aware training evidence.
val_morphology_rescues	15	val	val	wl-pos-pos-es-pba-63455	pos-es-pba-63455	1	positive	Couto do Castro/O Castro	Campo Lameiro	Moimenta (Santa María)	ES	-8.483543611143975	42.57577208588973	0.27384607	943	308	249	635		hilltop_hint	Weak positive moved upward by max_safety; inspect as morphology-aware training evidence.
val_morphology_rescues	16	val	val	wl-pos-pos-es-pba-58799	pos-es-pba-58799	1	positive	Castro do Castelo dos Mouros	Viana do Bolo	Mourisca (Santa María)	ES	-7.106022830583882	42.20017242988406	0.35207982	716	83	63	633		generic_castro_hint	Weak positive moved upward by max_safety; inspect as morphology-aware training evidence.
val_morphology_rescues	17	val	val	wl-pos-pos-es-pba-66779	pos-es-pba-66779	1	positive	Monte do Castro de Arcos	Meis	San Tomé de Nogueira (San Tom‚)	ES	-8.700718705561322	42.50856477021922	0.25122459	1007	423	332	584		hilltop_hint	Weak positive moved upward by max_safety; inspect as morphology-aware training evidence.
val_morphology_rescues	18	val	val	wl-pos-pos-es-pba-28584	pos-es-pba-28584	1	positive	Castro da Roda	Barreiros	San Pedro de Benquerencia (San Pedro)	ES	-7.193713469296093	43.561334246470715	0.37005762	680	136	109	544		generic_castro_hint	Weak positive moved upward by max_safety; inspect as morphology-aware training evidence.
val_morphology_rescues	19	val	val	wl-pos-pos-es-pba-58765	pos-es-pba-58765	1	positive	Castro da Fraga do Castrillón	Viana do Bolo	Covelo (San Lourenzo)	ES	-7.119429153895029	42.22680934751982	0.13379404	1400	892	633	508		castrel_toponym_hint	Weak positive moved upward by max_safety; inspect as morphology-aware training evidence.
val_morphology_rescues	20	val	val	wl-pos-pos-es-pba-31117	pos-es-pba-31117	1	positive	O Castro	A Fonsagrada	O Trobo (Santa María)	ES	-7.067693693213788	43.17513814853288	0.44193176	529	22	21	507		generic_castro_hint	Weak positive moved upward by max_safety; inspect as morphology-aware training evidence.
val_morphology_rescues	21	val	val	wl-pos-pos-es-pba-28585	pos-es-pba-28585	1	positive	Castro de Punta de San Pedro	Barreiros	San Pedro de Benquerencia (San Pedro)	ES	-7.202031945388303	43.56144384275869	0.29958041	872	373	298	499		coastal_promontory_hint	Weak positive moved upward by max_safety; inspect as morphology-aware training evidence.
val_morphology_rescues	22	val	val	wl-pos-pos-es-pba-69292	pos-es-pba-69292	1	positive	Castro de Mougás/O Crasto	Oia	Mougás (Santa Uxía)	ES	-8.873630702842346	42.04729664956693	0.04772812	1763	1310	936	453		generic_castro_hint	Weak positive moved upward by max_safety; inspect as morphology-aware training evidence.
val_morphology_rescues	23	val	val	wl-pos-pos-es-pba-69290	pos-es-pba-69290	1	positive	Castro de Chavella	Oia	Oia (Santa María)	ES	-8.866182191051914	41.99444455984168	0.41771023	568	121	100	447		generic_castro_hint	Weak positive moved upward by max_safety; inspect as morphology-aware training evidence.
val_morphology_rescues	24	val	val	wl-pos-pos-es-pba-66619	pos-es-pba-66619	1	positive	Ermida e Castelo do Monte Castrove	Meis	A Armenteira (Santa María)	ES	-8.702819451305215	42.48248479801781	0.25339501	999	565	426	434		hilltop_hint	Weak positive moved upward by max_safety; inspect as morphology-aware training evidence.
val_morphology_rescues	25	val	val	wl-pos-pos-es-pba-30966	pos-es-pba-30966	1	positive	Os Castros das Engrobias/Castros de Lelle	Foz	San Martiño de Mondoñedo (San Marti¤o)	ES	-7.311971413888005	43.55486841672692	0.30856520	840	448	351	392		generic_castro_hint	Weak positive moved upward by max_safety; inspect as morphology-aware training evidence.
val_morphology_rescues	26	val	val	wl-pos-pos-es-pba-9494	pos-es-pba-9494	1	positive	Castro de Lestrobe	Dodro	Dodro (Santa María)	ES	-8.674319349813626	42.734636908986175	0.32429507	787	398	316	389		generic_castro_hint	Weak positive moved upward by max_safety; inspect as morphology-aware training evidence.
val_morphology_rescues	27	val	val	wl-pos-pos-es-pba-63965	pos-es-pba-63965	1	positive	Castro da Devesiña	Campo Lameiro	O Campo (San Miguel)	ES	-8.553165205254059	42.53525283476263	0.14131656	1374	994	701	380		generic_castro_hint	Weak positive moved upward by max_safety; inspect as morphology-aware training evidence.
val_morphology_rescues	28	val	val	wl-pos-pos-es-pba-65613	pos-es-pba-65613	1	positive	O Castriño	O Grove	San Vicente do Grove (San Vicente)	ES	-8.93655550311836	42.47882860854801	0.39060475	635	266	212	369		generic_castro_hint	Weak positive moved upward by max_safety; inspect as morphology-aware training evidence.
val_morphology_rescues	29	val	val	wl-pos-pos-es-pba-64725	pos-es-pba-64725	1	positive	Castro de Vila Criste	A Estrada	Cora (San Miguel)	ES	-8.536652972635391	42.74668291363823	0.29049031	892	532	402	360		generic_castro_hint	Weak positive moved upward by max_safety; inspect as morphology-aware training evidence.
val_morphology_rescues	30	val	val	wl-pos-pos-es-pba-46140	pos-es-pba-46140	1	positive	O Castro/Sartego antropomorfo do Castro	Beade	Beade (Santa María)	ES	-8.130668145915354	42.32378210273757	0.14262395	1369	1032	724	337		generic_castro_hint	Weak positive moved upward by max_safety; inspect as morphology-aware training evidence.
val_morphology_rescues	31	val	val	wl-pos-pos-es-pba-30964	pos-es-pba-30964	1	positive	Os Castros	Foz	Nois (San Xiao)	ES	-7.307847458782912	43.6103592734137	0.46666696	485	185	151	300		generic_castro_hint	Weak positive moved upward by max_safety; inspect as morphology-aware training evidence.
val_morphology_rescues	32	val	val	wl-pos-pos-es-pba-31148	pos-es-pba-31148	1	positive	O Castro/A Croa/Estivo do Castro	A Fonsagrada	Maderne (San Pedro)	ES	-7.108581133390804	43.19977698989687	0.56344333	360	85	64	275		croa_top_ring_hint	Weak positive moved upward by max_safety; inspect as morphology-aware training evidence.
val_morphology_rescues	33	val	val	wl-pos-pos-es-pba-24421	pos-es-pba-24421	1	positive	Medorra de Lañas/O Castro Grande/A Medorra	Touro	San Fiz de Quión (San Fiz)	ES	-8.271432385030025	42.88926127313282	0.31173728	828	557	420	271		generic_castro_hint	Weak positive moved upward by max_safety; inspect as morphology-aware training evidence.
val_morphology_rescues	34	val	val	wl-pos-pos-es-pba-58770	pos-es-pba-58770	1	positive	Castro do Castelo	Viana do Bolo	Covelo (San Lourenzo)	ES	-7.1105458404691495	42.21407681932817	0.40740255	593	343	272	250		generic_castro_hint	Weak positive moved upward by max_safety; inspect as morphology-aware training evidence.
val_morphology_rescues	35	val	val	wl-pos-pos-es-pba-58938	pos-es-pba-58938	1	positive	O Castro de Grixoa	Viana do Bolo	Grixoa (San Pedro)	ES	-7.166436692701856	42.22518309677026	0.44884567	517	275	220	242		generic_castro_hint	Weak positive moved upward by max_safety; inspect as morphology-aware training evidence.
val_morphology_rescues	36	val	val	wl-pos-pos-es-pba-31001	pos-es-pba-31001	1	positive	Punta dos Bois/Castro de Llas/Cu do Castro	Foz	Foz (Santiago)	ES	-7.266125604799842	43.58182272503391	0.64729250	271	40	34	231		coastal_promontory_hint	Weak positive moved upward by max_safety; inspect as morphology-aware training evidence.
val_morphology_rescues	37	val	val	wl-pos-pos-es-pba-63859	pos-es-pba-63859	1	positive	Casa do Castro	Campo Lameiro	Morillas (Santiago)	ES	-8.498408357336032	42.555050382391805	0.02670907	1825	1613	1269	212		generic_castro_hint	Weak positive moved upward by max_safety; inspect as morphology-aware training evidence.
val_morphology_rescues	38	val	val	wl-pos-pos-es-pba-15425	pos-es-pba-15425	1	positive	Castro de Punta Roza	Oleiros	Dexo (Santa María)	ES	-8.31830696844109	43.40101205296719	0.69881558	223	17	17	206		coastal_promontory_hint	Weak positive moved upward by max_safety; inspect as morphology-aware training evidence.
val_morphology_rescues	39	val	val	wl-pos-pos-es-pba-64727	pos-es-pba-64727	1	positive	Castro Lóbrigo	A Estrada	Loimil (Santa María)	ES	-8.34820096675144	42.75364922746449	0.39035187	636	440	347	196		generic_castro_hint	Weak positive moved upward by max_safety; inspect as morphology-aware training evidence.
val_morphology_rescues	40	val	val	wl-pos-pos-es-pba-31076	pos-es-pba-31076	1	positive	O Castro	A Fonsagrada	O Trobo (Santa María)	ES	-7.065621556896318	43.191466131041224	0.57168987	348	166	131	182		generic_castro_hint	Weak positive moved upward by max_safety; inspect as morphology-aware training evidence.
val_morphology_rescues	41	val	val	wl-pos-pos-es-pba-35729	pos-es-pba-35729	1	positive	Castro do Carrusco	Ourol	O Sisto (Santa María)	ES	-7.70690372429757	43.53541670805242	0.71050574	215	64	52	151		generic_castro_hint	Weak positive moved upward by max_safety; inspect as morphology-aware training evidence.
val_morphology_rescues	42	val	val	wl-pos-pos-es-pba-28234	pos-es-pba-28234	1	positive	Punta do Castro	Barreiros	San Pedro de Benquerencia (San Pedro)	ES	-7.177577887572078	43.562789112381324	0.78960057	158	12	12	146		coastal_promontory_hint	Weak positive moved upward by max_safety; inspect as morphology-aware training evidence.
val_morphology_rescues	43	val	val	wl-pos-pos-es-pba-30719	pos-es-pba-30719	1	positive	Castro	A Fonsagrada	Vilabol de Suarna (Santa María)	ES	-7.034424673077542	43.07493809539006	0.37380652	672	528	399	144		generic_castro_hint	Weak positive moved upward by max_safety; inspect as morphology-aware training evidence.
val_morphology_rescues	44	val	val	wl-pos-pos-es-pba-13820	pos-es-pba-13820	1	positive	Castro das Escadas	Mugardos	Franza (Santiago)	ES	-8.208733854064741	43.45940513929263	0.71025450	216	74	57	142		generic_castro_hint	Weak positive moved upward by max_safety; inspect as morphology-aware training evidence.
val_morphology_rescues	45	val	val	wl-pos-pos-es-pba-26452	pos-es-pba-26452	1	positive	Xacemento do Peto/Castro Pequeno	Vedra	Merín (San Cristovo)	ES	-8.454175784409403	42.7674220877566	0.29947497	874	739	531	135		generic_castro_hint	Weak positive moved upward by max_safety; inspect as morphology-aware training evidence.
val_morphology_rescues	46	val	val	wl-pos-pos-es-pba-32093	pos-es-pba-32093	1	positive	Os Castros de Quintán	Guitiriz	Roca (San Xiao)	ES	-7.805957652047091	43.187369822622884	0.66293660	252	126	104	126		generic_castro_hint	Weak positive moved upward by max_safety; inspect as morphology-aware training evidence.
val_morphology_rescues	47	val	val	wl-pos-pos-es-pba-41057	pos-es-pba-41057	1	positive	Castro de Sante	Trabada	Sante (San Xiao)	ES	-7.1398942217230665	43.44761649145048	0.42817706	552	429	337	123		generic_castro_hint	Weak positive moved upward by max_safety; inspect as morphology-aware training evidence.
val_morphology_rescues	48	val	val	wl-pos-pos-es-pba-70808	pos-es-pba-70808	1	positive	Castro do Coto das Caldeiriñas	Salceda de Caselas	Parderrubias (San Tomé)	ES	-8.568519004218278	42.08815965745929	0.69350677	229	122	101	107		hilltop_hint	Weak positive moved upward by max_safety; inspect as morphology-aware training evidence.
val_morphology_rescues	49	val	val	wl-pos-pos-es-pba-70948	pos-es-pba-70948	1	positive	Castro do Monte do Faro	Salceda de Caselas	Entenza (Santos Xusto e Pastor)	ES	-8.575609516425695	42.08231074599328	0.85403959	113	29	26	84		hilltop_hint	Weak positive moved upward by max_safety; inspect as morphology-aware training evidence.
val_morphology_rescues	50	val	val	wl-pos-pos-es-pba-9492	pos-es-pba-9492	1	positive	Castro de Bexo	Dodro	San Xoán de Laíño (San Xoán)	ES	-8.750383933374424	42.700098938817575	0.56090872	363	282	227	81		generic_castro_hint	Weak positive moved upward by max_safety; inspect as morphology-aware training evidence.
