site_id	primary_name	aliases	municipality	parish	place	scope	ga_code	record_type	confidence	source_tier	conservation_state	lat_wgs84	lon_wgs84	coord_status	coord_source	dataset_use	split	needs_review	sources	urls	notes
tra-fene-almieiras	Castro de Almieiras	Almieiras	Fene	Santa Eulalia de Limodre		trasancos_estricto		classical_catalog_reference	medium_low	classical_secondary_catalog	Desaparecido			missing		positive_damaged_review	review_only		André Pena Graña, Narón un concello con historia de seu I, edición Calaméo 2010, lista Catalogación de Castros de Galicia	https://www.calameo.com/books/00129295754f931ea1d4a	Entrada de la lista clásica Pena/Calaméo pendiente de reconciliación con catálogo oficial.
tra-fene-as-pias	Castro de As Pías	As Pías; Castro das Pías; Pías	Fene	San Esteban de Perlío		trasancos_estricto	GA15500011	classical_catalog_reference	medium_low	classical_secondary_catalog	Desaparecido | Moi malo	43.47426751	-8.17153215	point_from_source	Patrimonio Galego	positive_damaged_review	review_only		André Pena Graña, Narón un concello con historia de seu I, edición Calaméo 2010, lista Catalogación de Castros de Galicia; Galipedia; Patrimonio Galego	https://gl.wikipedia.org/wiki/Castro_das_P%C3%ADas; https://patrimoniogalego.net/index.php/95575/2017/07/castro-das-pias/; https://www.calameo.com/books/00129295754f931ea1d4a	Entrada de la lista clásica Pena/Calaméo pendiente de reconciliación con catálogo oficial. | 2 coordenadas candidatas en fuentes; se eligió Patrimonio Galego por prioridad.
tra-fene-castro-das-escadas	Castro das Escadas	Castro das Escadas; Escadas	Fene			trasancos_estricto		web_catalog_candidate	medium_low	wikimedia_category	desconocido	43.45913000	-8.20861000	point_from_source	Galipedia	review_only	review_only	Reconciliar manualmente antes de usar como positivo fuerte.	Galipedia	https://gl.wikipedia.org/wiki/Castro_das_Escadas	Candidato procedente de catálogo web no reconciliado con la tabla oficial normalizada.
tra-fene-castro-de-belelle	Castro de Belelle	Belelle; Castro de Belelle	Fene	Sillobre (Santa Mariña)	Belelle	trasancos_estricto		web_catalog_candidate	medium	collaborative_catalog	Regular	43.46702358	-8.11322649	point_from_source	Patrimonio Galego	review_only	review_only	Reconciliar manualmente antes de usar como positivo fuerte.	Patrimonio Galego	https://patrimoniogalego.net/index.php/98926/2018/03/castro-de-belelle/	Candidato procedente de catálogo web no reconciliado con la tabla oficial normalizada.
tra-fene-fontenova	Castro de Fontenova	Fontenova	Fene	San Xurxo de Magalofes		trasancos_estricto		classical_catalog_reference	medium_low	classical_secondary_catalog	desconocido			missing		needs_geocoding	review_only		André Pena Graña, Narón un concello con historia de seu I, edición Calaméo 2010, lista Catalogación de Castros de Galicia	https://www.calameo.com/books/00129295754f931ea1d4a	Entrada de la lista clásica Pena/Calaméo pendiente de reconciliación con catálogo oficial.
tra-fene-ga15035007	Castro de Magalofes	Castro de Magalofes; Magalofes	Fene	Magalofes (San Xurxo)	A Fontenova	trasancos_estricto	GA15035007	web_catalog_candidate	medium	collaborative_catalog	Malo	43.45082380	-8.14753332	point_from_source	Patrimonio Galego	review_only	review_only	Reconciliar manualmente antes de usar como positivo fuerte.	Patrimonio Galego	https://patrimoniogalego.net/index.php/99753/2018/04/castro-de-magalofes/	Candidato procedente de catálogo web no reconciliado con la tabla oficial normalizada.
tra-fene-ga15035008	Castro de Prismos	Castro de Prismos; Prismos	Fene	Limodre		trasancos_estricto	GA15035008	official_plan_reference	medium_high	official_context	Regular	43.44537826	-8.18191767	point_from_source	Patrimonio Galego	review_only	review_only		André Pena Graña, Narón un concello con historia de seu I, edición Calaméo 2010, lista Catalogación de Castros de Galicia; Galipedia; Patrimonio Galego; Plan Sectorial da rede viaria de Ferrol, Fene, Neda, Narón, Ares, Mugardos e Cabanas (2014)	https://gl.wikipedia.org/wiki/Castro_de_Prismos; https://patrimoniogalego.net/index.php/95624/2017/07/castro-de-prismos/; https://vivendaeinfraestruturas.xunta.gal/documents/36303/60845/01_Memoria%20PS.pdf; https://www.calameo.com/books/00129295754f931ea1d4a	Plan Sectorial 2014 | Presente en lista clásica Pena/Calaméo nº 26. | 2 coordenadas candidatas en fuentes; se eligió Patrimonio Galego por prioridad.
tra-fene-ga15035009	Castro de Orra	Castro de Orra; Orra	Fene	Sillobre		trasancos_estricto	GA15035009	official_plan_reference	medium_high	official_context	Malo	43.47097639	-8.15251549	point_from_source	Patrimonio Galego	review_only	review_only		Galipedia; Patrimonio Galego; Plan Sectorial da rede viaria de Ferrol, Fene, Neda, Narón, Ares, Mugardos e Cabanas (2014)	https://gl.wikipedia.org/wiki/Castro_de_Orra; https://patrimoniogalego.net/index.php/98922/2018/03/castro-de-orra/; https://vivendaeinfraestruturas.xunta.gal/documents/36303/60845/01_Memoria%20PS.pdf	Plan Sectorial 2014 | 2 coordenadas candidatas en fuentes; se eligió Patrimonio Galego por prioridad.
tra-fene-ga15035010	Castro de Barallobre	Barallobre; Castro de Barallobre	Fene	Barallobre		trasancos_estricto	GA15035010	official_plan_reference	medium_high	official_context	Moi malo	43.46326112	-8.17490101	point_from_source	Patrimonio Galego	review_only	review_only		Galipedia; Patrimonio Galego; Plan Sectorial da rede viaria de Ferrol, Fene, Neda, Narón, Ares, Mugardos e Cabanas (2014)	https://gl.wikipedia.org/wiki/Castro_de_Barallobre; https://patrimoniogalego.net/index.php/95581/2017/07/castro-de-barallobre/; https://vivendaeinfraestruturas.xunta.gal/documents/36303/60845/01_Memoria%20PS.pdf	Plan Sectorial 2014 | 2 coordenadas candidatas en fuentes; se eligió Patrimonio Galego por prioridad.
tra-fene-ga15035011	Castro de Cordoeiro	Castro de Cordoeiro; Cordoeiro	Fene	Perlío		trasancos_estricto	GA15035011	official_plan_reference	medium_high	official_context	desconocido			missing		needs_geocoding	review_only	Buscar/revisar coordenadas antes de crear tiles.	Plan Sectorial da rede viaria de Ferrol, Fene, Neda, Narón, Ares, Mugardos e Cabanas (2014)	https://vivendaeinfraestruturas.xunta.gal/documents/36303/60845/01_Memoria%20PS.pdf	Plan Sectorial 2014; posible relación con As Pías/Río Castro a revisar
tra-fene-ga15035012	Castro de Río Castro	Castro de Río Castro; Río Castro	Fene	Limodre (Santa Eulalia)	Río Castro	trasancos_estricto	GA15035012	web_catalog_candidate	medium	collaborative_catalog	Moi malo	43.42390093	-8.18635404	point_from_source	Patrimonio Galego	review_only	review_only	Reconciliar manualmente antes de usar como positivo fuerte.	Patrimonio Galego	https://patrimoniogalego.net/index.php/95596/2017/07/castro-de-rio-castro/	Candidato procedente de catálogo web no reconciliado con la tabla oficial normalizada.
tra-fene-loureiros	Castro de Loureiros	Loureiros	Fene	Santiago de Barallobre		trasancos_estricto		classical_catalog_reference	medium_low	classical_secondary_catalog	Desaparecido			missing		positive_damaged_review	review_only		André Pena Graña, Narón un concello con historia de seu I, edición Calaméo 2010, lista Catalogación de Castros de Galicia	https://www.calameo.com/books/00129295754f931ea1d4a	Entrada de la lista clásica Pena/Calaméo pendiente de reconciliación con catálogo oficial.
tra-fene-ovra	Castro de Ovra	Ovra	Fene	Santa María de Sillobre		trasancos_estricto		classical_catalog_reference	medium_low	classical_secondary_catalog	desconocido			missing		needs_geocoding	review_only		André Pena Graña, Narón un concello con historia de seu I, edición Calaméo 2010, lista Catalogación de Castros de Galicia	https://www.calameo.com/books/00129295754f931ea1d4a	Entrada de la lista clásica Pena/Calaméo pendiente de reconciliación con catálogo oficial.
tra-fene-re15035002	Castro do Sartego	Castro do Sartego; Sartego	Fene	Fene		trasancos_estricto	RE15035002	official_plan_reference	medium_high	official_context	Desaparecido			missing		positive_damaged_review	review_only	Buscar/revisar coordenadas antes de crear tiles.	André Pena Graña, Narón un concello con historia de seu I, edición Calaméo 2010, lista Catalogación de Castros de Galicia; Plan Sectorial da rede viaria de Ferrol, Fene, Neda, Narón, Ares, Mugardos e Cabanas (2014)	https://vivendaeinfraestruturas.xunta.gal/documents/36303/60845/01_Memoria%20PS.pdf; https://www.calameo.com/books/00129295754f931ea1d4a	Plan Sectorial 2014; registro RE | Presente en lista clásica Pena/Calaméo nº 33.
tra-fene-san-esteban-de-perlio	Castro de San Esteban de Perlío	San Esteban de Perlío	Fene			trasancos_estricto		classical_catalog_reference	medium_low	classical_secondary_catalog	Desaparecido			missing		positive_damaged_review	review_only		André Pena Graña, Narón un concello con historia de seu I, edición Calaméo 2010, lista Catalogación de Castros de Galicia	https://www.calameo.com/books/00129295754f931ea1d4a	Entrada de la lista clásica Pena/Calaméo pendiente de reconciliación con catálogo oficial.
tra-ferrol-canido	Castro de Canido	Canido	Ferrol			trasancos_estricto		classical_catalog_reference	medium_low	classical_secondary_catalog	Desaparecido			missing		positive_damaged_review	review_only		André Pena Graña, Narón un concello con historia de seu I, edición Calaméo 2010, lista Catalogación de Castros de Galicia	https://www.calameo.com/books/00129295754f931ea1d4a	Entrada de la lista clásica Pena/Calaméo pendiente de reconciliación con catálogo oficial.
tra-ferrol-castro-da-pereiruga	Castro da Pereiruga	Castro da Pereiruga; Pereiruga	Ferrol	Pedroso (San Salvador)	Pereiruga	trasancos_estricto		web_catalog_candidate	medium	collaborative_catalog	Regular	43.54428455	-8.11914325	point_from_source	Patrimonio Galego	review_only	review_only	Reconciliar manualmente antes de usar como positivo fuerte.	Patrimonio Galego	https://patrimoniogalego.net/index.php/88327/2016/08/castro-de-pereiruga/	Candidato procedente de catálogo web no reconciliado con la tabla oficial normalizada.
tra-ferrol-castro-de-ancos	Castro de Ancos	Ancos; Castro de Ancos	Ferrol	Neda, Santa María	Alto de Ancos	trasancos_estricto		web_catalog_candidate	medium	collaborative_catalog	Malo	43.52183380	-8.14046144	point_from_source	Patrimonio Galego	review_only	review_only	Reconciliar manualmente antes de usar como positivo fuerte.	Patrimonio Galego	https://patrimoniogalego.net/index.php/98002/2017/12/castro-de-ancos/	Candidato procedente de catálogo web no reconciliado con la tabla oficial normalizada.
tra-ferrol-castro-de-lago	Castro de Lago	Castro de Lago; Lago	Ferrol	Lago (Santiago)	Castro	trasancos_estricto		web_catalog_candidate	medium	collaborative_catalog	Moi malo	43.59217950	-8.17132863	point_from_source	Patrimonio Galego	review_only	review_only	Reconciliar manualmente antes de usar como positivo fuerte.	Patrimonio Galego	https://patrimoniogalego.net/index.php/92334/2017/02/castro-de-lago/	Candidato procedente de catálogo web no reconciliado con la tabla oficial normalizada.
tra-ferrol-castro-de-lavacerido	Castro de Lavacerido	Castro de Lavacerido; Lavacerido	Ferrol	Meirás ( San Vicente)	Punta Sarda	trasancos_estricto		web_catalog_candidate	medium	collaborative_catalog	Malo	43.60168211	-8.19886956	point_from_source	Patrimonio Galego	review_only	review_only	Reconciliar manualmente antes de usar como positivo fuerte.	Patrimonio Galego	https://patrimoniogalego.net/index.php/92115/2017/01/castro-de-lavacerido/	Candidato procedente de catálogo web no reconciliado con la tabla oficial normalizada.
tra-ferrol-castro-de-loiravella	Castro de Loiravella	Castro de Loiravella; Loiravella	Ferrol	Loira (Santiago)	Loiravella	trasancos_estricto		web_catalog_candidate	medium	collaborative_catalog	Moi malo	43.59482396	-8.05880788	point_from_source	Patrimonio Galego	review_only	review_only	Reconciliar manualmente antes de usar como positivo fuerte.	Patrimonio Galego	https://patrimoniogalego.net/index.php/99184/2018/03/castro-de-loiravella/	Candidato procedente de catálogo web no reconciliado con la tabla oficial normalizada.
tra-ferrol-castro-de-santo-tomas	Castro de Santo Tomás	Castro de Santo Tomás; Santo Tomás	Ferrol	Meirás	Taraza	trasancos_estricto		web_catalog_candidate	medium	collaborative_catalog	Moi malo	43.59218304	-8.18721268	point_from_source	Patrimonio Galego	review_only	review_only	Reconciliar manualmente antes de usar como positivo fuerte.	Patrimonio Galego	https://patrimoniogalego.net/index.php/92403/2017/01/castro-de-santo-tomas/	Candidato procedente de catálogo web no reconciliado con la tabla oficial normalizada.
tra-ferrol-castro-de-sta-cecilia	Castro de Sta. Cecilia	Castro de Sta. Cecilia; Sta. Cecilia	Ferrol	Sta. Cecilia de Trasancos	O castro	trasancos_estricto		web_catalog_candidate	medium	local_catalog	desconocido	43.51083300	-8.20027700	point_from_source	Artabro	review_only	review_only	Reconciliar manualmente antes de usar como positivo fuerte.	Artabro	http://www.artabro.es/node20.html	Candidato procedente de catálogo web no reconciliado con la tabla oficial normalizada.
tra-ferrol-castro-de-sta-comba	Castro de Sta. Comba	Castro de Sta. Comba; Sta. Comba	Ferrol	S. Martín de Cobas	Isla de Sta. Comba	trasancos_estricto		web_catalog_candidate	medium	local_catalog	desconocido	43.55952700	-8.28257000	point_from_source	Artabro	review_only	review_only	Reconciliar manualmente antes de usar como positivo fuerte.	Artabro	http://www.artabro.es/node68.html	Candidato procedente de catálogo web no reconciliado con la tabla oficial normalizada.
tra-ferrol-castro-de-sta-marina	Castro de Sta. Marina	Castro de Sta. Marina; Sta. Marina	Ferrol	Sta. Marina del Vilar	O castro	trasancos_estricto		web_catalog_candidate	medium	local_catalog	desconocido	43.49755900	-8.22508200	point_from_source	Artabro	review_only	review_only	Reconciliar manualmente antes de usar como positivo fuerte.	Artabro	http://www.artabro.es/node29.html	Candidato procedente de catálogo web no reconciliado con la tabla oficial normalizada.
tra-ferrol-castro-de-viladonelle	Castro de Viladonelle	Castro de Viladonelle; Viladonelle	Ferrol	Viladonelle (Santo André)	O Castro	trasancos_estricto		web_catalog_candidate	medium	collaborative_catalog	Malo	43.48461061	-8.11948051	point_from_source	Patrimonio Galego	review_only	review_only	Reconciliar manualmente antes de usar como positivo fuerte.	Patrimonio Galego	https://patrimoniogalego.net/index.php/98952/2018/03/castro-de-viladonelle/	Candidato procedente de catálogo web no reconciliado con la tabla oficial normalizada.
tra-ferrol-castro-do-vilar	Castro do Vilar	Castro do Vilar; Vilar	Ferrol	Trasancos (San Mateo)	O Vilar	trasancos_estricto		web_catalog_candidate	medium	collaborative_catalog	Regular	43.54389738	-8.22231206	point_from_source	Patrimonio Galego	review_only	review_only	Reconciliar manualmente antes de usar como positivo fuerte.	Patrimonio Galego	https://patrimoniogalego.net/index.php/92121/2017/01/castro-do-vilar/	Candidato procedente de catálogo web no reconciliado con la tabla oficial normalizada.
tra-ferrol-ferreiros	Castro de Ferreiros	Ferreiros	Ferrol	Santa Uxía de Mandiá		trasancos_estricto		classical_catalog_reference	medium_low	classical_secondary_catalog	desconocido			missing		needs_geocoding	review_only		André Pena Graña, Narón un concello con historia de seu I, edición Calaméo 2010, lista Catalogación de Castros de Galicia	https://www.calameo.com/books/00129295754f931ea1d4a	Entrada de la lista clásica Pena/Calaméo pendiente de reconciliación con catálogo oficial.
tra-ferrol-ga-15054008	Castro da Revolta	Castro da Revolta; Revolta	Ferrol	Sedes (San Estevo)	A Revolta	trasancos_estricto	GA 15054008	web_catalog_candidate	medium	collaborative_catalog	Regular	43.53925447	-8.15688762	point_from_source	Patrimonio Galego	review_only	review_only	Reconciliar manualmente antes de usar como positivo fuerte.	Patrimonio Galego	https://patrimoniogalego.net/index.php/91795/2017/01/castro-da-revolta/	Candidato procedente de catálogo web no reconciliado con la tabla oficial normalizada.
tra-ferrol-ga15036001	Castro de Lobariz / Lobadiz	Castro de Lobadiz; Castro de Lobariz; Castro de Lobariz / Lobadiz; Castro de Punta Castrelo; Lobadiz; Lobariz; Lobariz / Lobadiz; Punta Castrelo; Punta do Castro	Ferrol	San Xurxo da Mariña	Punta do Castro	trasancos_estricto	GA15036001	official_castro	high	official_catalog	Regular	43.66075514	-8.09129918	point_from_source	Patrimonio Galego	train_positive_candidate	train		André Pena Graña, Narón un concello con historia de seu I, edición Calaméo 2010, lista Catalogación de Castros de Galicia; Artabro; Galipedia; PXOM Ferrol / SIOTUGA, catálogo de bienes protegidos; Patrimonio Galego	http://www.artabro.es/node26.html; https://gl.wikipedia.org/wiki/Castro_de_Lobadiz; https://patrimoniogalego.net/index.php/99137/2018/03/castro-de-punta-castrelo/; https://siotuga.xunta.gal/siotuga/documentos/urbanismo/FERROL/documents/0184ca004.pdf; https://www.calameo.com/books/00129295754f931ea1d4a	catálogo Ferrol; otros nombres Punta do Castro | Presente en lista clásica Pena/Calaméo nº 1. | 3 coordenadas candidatas en fuentes; se eligió Patrimonio Galego por prioridad.
tra-ferrol-ga15036002	Castro de Tralocastro / Esmelle	Castro de Tralocastro; Castro de Tralocastro / Esmelle; Esmelle; Tralocastro; Tralocastro / Esmelle	Ferrol	Esmelle	Tralocastro	trasancos_estricto	GA15036002	official_castro	high	official_catalog	Regular	43.53191997	-8.26729807	point_from_source	Patrimonio Galego	train_positive_candidate	train		André Pena Graña, Narón un concello con historia de seu I, edición Calaméo 2010, lista Catalogación de Castros de Galicia; Artabro; Galipedia; PXOM Ferrol / SIOTUGA, catálogo de bienes protegidos; Patrimonio Galego	http://www.artabro.es/node27.html; https://gl.wikipedia.org/wiki/Castro_de_Tralocastro; https://patrimoniogalego.net/index.php/92383/2017/01/castro-de-tralocastro/; https://siotuga.xunta.gal/siotuga/documentos/urbanismo/FERROL/documents/0184ca004.pdf; https://www.calameo.com/books/00129295754f931ea1d4a	catálogo Ferrol | Presente en lista clásica Pena/Calaméo nº 5. | 3 coordenadas candidatas en fuentes; se eligió Patrimonio Galego por prioridad.
tra-ferrol-ga15036003	Castro de Marmancón / Papoi	Castro de Marmancón; Castro de Marmancón / Papoi; Castro de Papoi; Marmancón; Marmancón / Papoi; Papoi	Ferrol	Marmancón	Papoi	trasancos_estricto	GA15036003	official_castro	high	official_catalog	Regular	43.53979889	-8.24894103	point_from_source	Patrimonio Galego	train_positive_candidate	train		Artabro; Galipedia; PXOM Ferrol / SIOTUGA, catálogo de bienes protegidos; Patrimonio Galego	http://www.artabro.es/node28.html; https://gl.wikipedia.org/wiki/Castro_de_Papoi; https://patrimoniogalego.net/index.php/92662/2017/01/castro-de-papoi/; https://siotuga.xunta.gal/siotuga/documentos/urbanismo/FERROL/documents/0184ca004.pdf	catálogo Ferrol; otros nombres Castro de Papoi | 3 coordenadas candidatas en fuentes; se eligió Patrimonio Galego por prioridad.
tra-ferrol-ga15036004	Monte do Castro / Castro de Vilela	Castro de Vilela; Monte do Castro / Castro de Vilela; Vilela	Ferrol	Mandiá	Vilela	trasancos_estricto	GA15036004	official_castro	high	official_catalog	desconocido	43.52436600	-8.24006400	point_from_source	Artabro	train_positive_candidate	train		André Pena Graña, Narón un concello con historia de seu I, edición Calaméo 2010, lista Catalogación de Castros de Galicia; Artabro; Galipedia; PXOM Ferrol / SIOTUGA, catálogo de bienes protegidos	http://www.artabro.es/node21.html; https://gl.wikipedia.org/wiki/Castro_de_Vilela; https://siotuga.xunta.gal/siotuga/documentos/urbanismo/FERROL/documents/0184ca004.pdf; https://www.calameo.com/books/00129295754f931ea1d4a	catálogo Ferrol; OCR lee Vuela/Vilela | Presente en lista clásica Pena/Calaméo nº 7. | 2 coordenadas candidatas en fuentes; se eligió Artabro por prioridad.
tra-ferrol-ga15036005	Os Castros de Mandiá	Castro dos Castros; Fraga; Os Castros de Mandiá	Ferrol	Mandiá	Fraga	trasancos_estricto	GA15036005	official_castro	high	official_catalog	Regular	43.51457186	-8.23112044	point_from_source	Patrimonio Galego	train_positive_candidate	train		PXOM Ferrol / SIOTUGA, catálogo de bienes protegidos; Patrimonio Galego	https://patrimoniogalego.net/index.php/92248/2017/01/castro-dos-castros/; https://siotuga.xunta.gal/siotuga/documentos/urbanismo/FERROL/documents/0184ca004.pdf	catálogo Ferrol
tra-ferrol-ga15036007	Castro de Santa Cecilia	Castro de Santa Cecilia; Castro de Santa Icía; Castro de Santa Icía (Ferrol; Santa Cecilia; Santa Icía; Santa Icía (Ferrol	Ferrol	Santa Icía de Trasancos	Castro	trasancos_estricto	GA15036007	official_castro	high	official_catalog	Moi malo	43.51114054	-8.19999608	point_from_source	Patrimonio Galego	train_positive_candidate	train		Galipedia; PXOM Ferrol / SIOTUGA, catálogo de bienes protegidos; Patrimonio Galego	https://gl.wikipedia.org/wiki/Castro_de_Santa_Ic%C3%ADa_(Ferrol); https://patrimoniogalego.net/index.php/92292/2017/01/castro-de-santa-icia-2/; https://siotuga.xunta.gal/siotuga/documentos/urbanismo/FERROL/documents/0184ca004.pdf	catálogo Ferrol | 2 coordenadas candidatas en fuentes; se eligió Patrimonio Galego por prioridad.
tra-ferrol-ga15036008	Castro de Vilasanche	Castro de Vilasanche; Vilasanche	Ferrol	Serantes	Vilasanche	trasancos_estricto	GA15036008	official_castro	high	official_catalog	desconocido	43.50009000	-8.26323300	point_from_source	Artabro	train_positive_candidate	train		André Pena Graña, Narón un concello con historia de seu I, edición Calaméo 2010, lista Catalogación de Castros de Galicia; Artabro; Galipedia; PXOM Ferrol / SIOTUGA, catálogo de bienes protegidos	http://www.artabro.es/node24.html; https://gl.wikipedia.org/wiki/Castro_de_Vilasanche; https://siotuga.xunta.gal/siotuga/documentos/urbanismo/FERROL/documents/0184ca004.pdf; https://www.calameo.com/books/00129295754f931ea1d4a	catálogo Ferrol | Presente en lista clásica Pena/Calaméo nº 8. | 2 coordenadas candidatas en fuentes; se eligió Artabro por prioridad.
tra-ferrol-ga15036009	A Croa / Castro da Croa de Fontá	A Croa; A Croa / Castro da Croa de Fontá; Castro da Croa de Fontá; Castro de Croa de Fontá; Croa de Fontá; Fontá	Ferrol	Doniños	Fontá	trasancos_estricto	GA15036009	official_castro	high	official_catalog	Desaparecido | Malo	43.48804215	-8.30896887	point_from_source	Patrimonio Galego	positive_damaged_review	review_only		André Pena Graña, Narón un concello con historia de seu I, edición Calaméo 2010, lista Catalogación de Castros de Galicia; Artabro; Galipedia; PXOM Ferrol / SIOTUGA, catálogo de bienes protegidos; Patrimonio Galego	http://www.artabro.es/node25.html; https://gl.wikipedia.org/wiki/Castro_da_Croa_de_Font%C3%A1; https://patrimoniogalego.net/index.php/92180/2017/01/castro-da-croa-de-fonta/; https://siotuga.xunta.gal/siotuga/documentos/urbanismo/FERROL/documents/0184ca004.pdf; https://www.calameo.com/books/00129295754f931ea1d4a	catálogo Ferrol; Artabro/PG lo nombran como Croa de Fontá | Presente en lista clásica Pena/Calaméo nº 2. | Presente en lista clásica Pena/Calaméo nº 10. | 3 coordenadas candidatas en fuentes; se eligió Patrimonio Galego por prioridad.
tra-ferrol-ga15036010	Coto dos Mouros / Castro de Vilabuíde	Castro de Os Gafos; Castro de Vilabuíde; Castro dos Gafos; Coto dos Mouros; Coto dos Mouros / Castro de Vilabuíde; Gafos; Os Gafos; Vilabuíde	Ferrol	Doniños	Vilabuíde	trasancos_estricto	GA15036010	official_castro	high	official_catalog	Regular	43.49387984	-8.27676091	point_from_source	Patrimonio Galego	train_positive_candidate	train		André Pena Graña, Narón un concello con historia de seu I, edición Calaméo 2010, lista Catalogación de Castros de Galicia; Artabro; Galipedia; PXOM Ferrol / SIOTUGA, catálogo de bienes protegidos; Patrimonio Galego	http://www.artabro.es/node22.html; https://gl.wikipedia.org/wiki/Castro_dos_Gafos; https://patrimoniogalego.net/index.php/92234/2017/01/castro-dos-gafos/; https://siotuga.xunta.gal/siotuga/documentos/urbanismo/FERROL/documents/0184ca004.pdf; https://www.calameo.com/books/00129295754f931ea1d4a	catálogo Ferrol; otros nombres Castelo dos Mouros/Castro de Vilabuíde | Presente en lista clásica Pena/Calaméo nº 3. | 2 coordenadas candidatas en fuentes; se eligió Patrimonio Galego por prioridad.
tra-ferrol-ga15036011	Castro de Santa Mariña / Casal dos Ovos	Casal dos Ovos; Castro de Santa Mariña; Castro de Santa Mariña / Casal dos Ovos; Os Castros Altos; Santa Mariña; Santa Mariña / Casal dos Ovos	Ferrol	Santa Mariña do Vilar | Serantes	Casal dos Ovos	trasancos_estricto	GA15036011	official_castro	high	official_catalog	Desaparecido | Moi malo	43.49749092	-8.22509083	point_from_source	Patrimonio Galego	positive_damaged_review	review_only		André Pena Graña, Narón un concello con historia de seu I, edición Calaméo 2010, lista Catalogación de Castros de Galicia; Galipedia; PXOM Ferrol / SIOTUGA, catálogo de bienes protegidos; Patrimonio Galego	https://gl.wikipedia.org/wiki/Castro_de_Santa_Mari%C3%B1a; https://patrimoniogalego.net/index.php/92783/2017/02/castro-de-santa-marina-2/; https://siotuga.xunta.gal/siotuga/documentos/urbanismo/FERROL/documents/0184ca004.pdf; https://www.calameo.com/books/00129295754f931ea1d4a	catálogo Ferrol | otros yacimientos documentados; posible equivalencia con Santa Mariña/Casal dos Ovos, revisar | Presente en lista clásica Pena/Calaméo nº 12. | 2 coordenadas candidatas en fuentes; se eligió Patrimonio Galego por prioridad.
tra-ferrol-ga15036012	Castro de Ferrol Vello	Castro de Ferrol; Castro de Ferrol Vello; Ferrol; Ferrol Vello; núcleo urbano	Ferrol	Ferrol	núcleo urbano	trasancos_estricto	GA15036012	official_castro	high	official_catalog	Desaparecido | Moi malo	43.47824913	-8.24286851	point_from_source	Patrimonio Galego	positive_damaged_review	review_only		André Pena Graña, Narón un concello con historia de seu I, edición Calaméo 2010, lista Catalogación de Castros de Galicia; Galipedia; PXOM Ferrol / SIOTUGA, catálogo de bienes protegidos; Patrimonio Galego	https://gl.wikipedia.org/wiki/Castro_de_Ferrol; https://patrimoniogalego.net/index.php/92856/2017/02/castro-de-ferrol/; https://siotuga.xunta.gal/siotuga/documentos/urbanismo/FERROL/documents/0184ca004.pdf; https://www.calameo.com/books/00129295754f931ea1d4a	otros yacimientos documentados | Presente en lista clásica Pena/Calaméo nº 11. | 2 coordenadas candidatas en fuentes; se eligió Patrimonio Galego por prioridad.
tra-ferrol-ga15036014	Necrópolis de Santa Comba	Castro da Insua de Santa Comba; Castro de Santa Comba; Insua de Santa Comba; Necrópolis de Santa Comba; Santa Comba	Ferrol	Covas	Santa Comba	trasancos_estricto	GA15036014	official_castro	high	official_catalog	Bo	43.56033873	-8.28390598	point_from_source	Patrimonio Galego	train_positive_candidate	train		Galipedia; PXOM Ferrol / SIOTUGA, catálogo de bienes protegidos; Patrimonio Galego	https://gl.wikipedia.org/wiki/Castro_de_Santa_Comba; https://patrimoniogalego.net/index.php/82001/2016/01/castro-da-insua-de-santa-comba/; https://siotuga.xunta.gal/siotuga/documentos/urbanismo/FERROL/documents/0184ca004.pdf	el catálogo la tipa como castro/asentamiento fortificado y necrópolis | 2 coordenadas candidatas en fuentes; se eligió Patrimonio Galego por prioridad.
tra-ferrol-o-xeixo	Castro de O Xeixo	O Xeixo	Ferrol	San Pedro de Leixa		trasancos_estricto		classical_catalog_reference	medium_low	classical_secondary_catalog	desconocido			missing		needs_geocoding	review_only		André Pena Graña, Narón un concello con historia de seu I, edición Calaméo 2010, lista Catalogación de Castros de Galicia	https://www.calameo.com/books/00129295754f931ea1d4a	Entrada de la lista clásica Pena/Calaméo pendiente de reconciliación con catálogo oficial.
tra-ferrol-papoy	Castro de Papoy	Papoy	Ferrol	San Pedro de Marmancón		trasancos_estricto		classical_catalog_reference	medium_low	classical_secondary_catalog	desconocido			missing		needs_geocoding	review_only		André Pena Graña, Narón un concello con historia de seu I, edición Calaméo 2010, lista Catalogación de Castros de Galicia	https://www.calameo.com/books/00129295754f931ea1d4a	Entrada de la lista clásica Pena/Calaméo pendiente de reconciliación con catálogo oficial.
tra-ferrol-ref15036002	Pico de Ouro	Castro de Pico de Ouro; Pico de Ouro	Ferrol	Mandiá		trasancos_estricto	REF15036002	official_reference_or_toponym	medium	official_reference	Moi malo	43.51372366	-8.24948788	point_from_source	Patrimonio Galego	review_only	review_only		PXOM Ferrol / SIOTUGA, catálogo de bienes protegidos; Patrimonio Galego	https://patrimoniogalego.net/index.php/92328/2017/01/castro-de-pico-de-ouro/; https://siotuga.xunta.gal/siotuga/documentos/urbanismo/FERROL/documents/0184ca004.pdf	referencia del catálogo, no código GA
tra-ferrol-ref15036004	Castro de Arbosa	Arbosa; Castro de Arbosa	Ferrol	Brión		trasancos_estricto	REF15036004	official_reference_or_toponym	medium	official_reference	Regular	43.52437454	-8.32338843	point_from_source	Patrimonio Galego	review_only	review_only		PXOM Ferrol / SIOTUGA, catálogo de bienes protegidos; Patrimonio Galego	https://patrimoniogalego.net/index.php/92396/2017/01/castro-de-arbosa/; https://siotuga.xunta.gal/siotuga/documentos/urbanismo/FERROL/documents/0184ca004.pdf	referencia del catálogo, no código GA
tra-ferrol-ri-000007172	Castro da Croa de Leixa	Castro da Croa de Leixa; Croa de Leixa	Ferrol	Leixa		trasancos_estricto	RI.000007172	web_catalog_candidate	medium	collaborative_catalog	Bo	43.52267864	-8.20805344	point_from_source	Patrimonio Galego	review_only	review_only	Reconciliar manualmente antes de usar como positivo fuerte.	Patrimonio Galego	https://patrimoniogalego.net/index.php/92380/2017/01/castro-da-croa-de-leixa/	Candidato procedente de catálogo web no reconciliado con la tabla oficial normalizada.
tra-ferrol-ri-000009062	Castro da Ermida	Castro da Ermida; Ermida	Ferrol	Pedroso (San Salvador)	O Castro da Ermida	trasancos_estricto	RI.000009062	web_catalog_candidate	medium	collaborative_catalog	Moi malo	43.53361562	-8.10408029	point_from_source	Patrimonio Galego	review_only	review_only	Reconciliar manualmente antes de usar como positivo fuerte.	Patrimonio Galego	https://patrimoniogalego.net/index.php/89708/2016/10/castro-da-ermida/	Candidato procedente de catálogo web no reconciliado con la tabla oficial normalizada.
tra-ferrol-ri-000015019	Castro de Crecente	Castro de Crecente; Crecente	Ferrol	Loira (San Pedro)	Crecente	trasancos_estricto	RI.000015019	web_catalog_candidate	medium	collaborative_catalog	Regular	43.59596363	-8.09338364	point_from_source	Patrimonio Galego	review_only	review_only	Reconciliar manualmente antes de usar como positivo fuerte.	Patrimonio Galego	https://patrimoniogalego.net/index.php/92748/2017/01/castro-de-crecente/	Candidato procedente de catálogo web no reconciliado con la tabla oficial normalizada.
tra-ferrol-ri-000015021	Castro de Lodeiro	Castro de Lodeiro; Lodeiro	Ferrol	O Sequeiro (Santa María)	O Lodeiro	trasancos_estricto	RI.000015021	web_catalog_candidate	medium	collaborative_catalog	Regular	43.57592912	-8.16994461	point_from_source	Patrimonio Galego	review_only	review_only	Reconciliar manualmente antes de usar como positivo fuerte.	Patrimonio Galego	https://patrimoniogalego.net/index.php/92644/2017/01/castro-de-lodeiro/	Candidato procedente de catálogo web no reconciliado con la tabla oficial normalizada.
tra-ferrol-ri-000015057	Castro do Rodo	Castro do Rodo; Rodo	Ferrol	Pantín		trasancos_estricto	RI.000015057	web_catalog_candidate	medium	collaborative_catalog	Regular	43.64349750	-8.11020646	point_from_source	Patrimonio Galego	review_only	review_only	Reconciliar manualmente antes de usar como positivo fuerte.	Patrimonio Galego	https://patrimoniogalego.net/index.php/92388/2017/01/castro-do-rodo/	Candidato procedente de catálogo web no reconciliado con la tabla oficial normalizada.
tra-naron-castro-de-bicas	Castro de Bicás	Bicás; Castro de Bicás	Narón	S. Julián de Narón	Os Bicás	trasancos_estricto		web_catalog_candidate	medium	local_catalog	desconocido	43.53444400	-8.15873600	point_from_source	Artabro	review_only	review_only	Reconciliar manualmente antes de usar como positivo fuerte.	Artabro	http://www.artabro.es/node37.html	Candidato procedente de catálogo web no reconciliado con la tabla oficial normalizada.
tra-naron-castro-de-s-mateo	Castro de S. Mateo	Castro de S. Mateo; S. Mateo	Narón	S. Mateo de Trasancos	Cruz do castro, Croas	trasancos_estricto		web_catalog_candidate	medium	local_catalog	desconocido	43.54388900	-8.22250000	point_from_source	Artabro	review_only	review_only	Reconciliar manualmente antes de usar como positivo fuerte.	Artabro	http://www.artabro.es/node40.html	Candidato procedente de catálogo web no reconciliado con la tabla oficial normalizada.
tra-naron-castro-de-san-estevo	Castro de San Estevo	Castro de San Estevo; San Estevo	Narón			trasancos_estricto		web_catalog_candidate	medium_low	wikimedia_category	desconocido	43.55031420	-8.13611070	point_from_source	Galipedia	review_only	review_only	Reconciliar manualmente antes de usar como positivo fuerte.	Galipedia	https://gl.wikipedia.org/wiki/Castro_de_San_Estevo	Candidato procedente de catálogo web no reconciliado con la tabla oficial normalizada.
tra-naron-castro-de-sedes	Castro de Sedes	Castro de Sedes; Sedes	Narón	S. Esteban de Sedes	Eiravedra	trasancos_estricto		web_catalog_candidate	medium	local_catalog	desconocido	43.55106900	-8.13358600	point_from_source	Artabro	review_only	review_only	Reconciliar manualmente antes de usar como positivo fuerte.	Artabro	http://www.artabro.es/node35.html	Candidato procedente de catálogo web no reconciliado con la tabla oficial normalizada.
tra-naron-castro-de-sta-maria	Castro de Sta. María	Castro de Sta. María; Sta. María	Narón	Sta. María de Castro	Castro, Fernande	trasancos_estricto		web_catalog_candidate	medium	local_catalog	desconocido	43.54472200	-8.17833300	point_from_source	Artabro	review_only	review_only	Reconciliar manualmente antes de usar como positivo fuerte.	Artabro	http://www.artabro.es/node32.html	Candidato procedente de catálogo web no reconciliado con la tabla oficial normalizada.
tra-naron-codigo-x-48-castro-d-o-ram-o-codigo-ga-en-tram-ite-localizacion-	((((((((((((((((((((((((((((((((((((((((((((((( CÓDIGO: X- 48 Castro d o Ram o ° (((((((((((((((((((((((((((((((((((((((((((((((((((((((((( (((((((((((((((((((((((((((((((((((((((((((((((((((((((((( CÓDIGO GA: En trám ite (((((((((((((((((((((((((((((((((((((((((((((((((((((((((( (((((((((((((((((((((((((((((((((((((((((((((((((((((((((( LOCALIZACIÓN (((((((((((((((((((((((((((((((((((((((((((((((((((((((((( (((((((((((((((((((((((((((((((((((((((((((((((((((((((((( (((((((((((((((((((((((((((((((((((((((((((((((((((((((((( LUGAR: Cabrita CLASIFICACIÓN E CATEGORÍA DO SOLO: SR( SRPP) ( ( ( (SRPIN ((((((((((((((((((((((((((((((((((((((((((((((((((((((	Castro d o Ram o	Narón	Doso ( San Loure nzo) ( ( ( ( ( ( ( ( ( ( ( ( ( ( ( ( ( ( ( ( ( ( ( ( ( ( ( ( ( ( ( ( ( ( ( ( ( ( ( ( ( ( ( ( ( ( ( ( ( ( ( ( ( ( ( ( ( ( ( ( ( ( ( ( ( ( ( ( ( ( ( ( ( ( ( ( ( ( ( ( ( ( ( ( ( ( ( ( ( ( ( ( ( ( ( ( ( ( ( ( ( ( ( ( ( ( ( ( ( ( ( ( ( ( ( ( ( ( ( ( ( ( ( ( ( ( ( ( ( ( ( ( ( ( ( ( ( ( ( ( ( (((((((((((((((((((((((((((((((((((((((((((((((((((((((((( ( ( ( ( ( ( ( ( ( ( ( ( ( ( ( ( ( ( ( ( ( ( ( ( ( ( ( ( ( ( ( ( ( ( ( ( ( ( ( ( ( ( ( ( ( ( ( CÓD. PLANO ORD. E:1/5.000 : 18 ( ( ( ( ( ( ( ( ( ( ( ( ( ( ( ( ( ( ( ( ( ( ( ( ( ( ( ( ( ( ( ( ( ( ( ( ( ( ( ( ( ( ( ( ( ( ( COORDENADAS X/Y ETRS89 UTM29: ( ( ( ( ( ( ( ( ( ( ( ( ( ( ( ( ( ( ( ( ( ( ( ( ( ( ( ( ( ( ( ( ( ( ( ( ( ( ( ( ( ( ( ( ( ( ( (((((((((((((((((((((((((((((((((((((((((((((((((((((((((( ( ( ( ( ( ( ( ( ( ( ( ( ( ( ( ( ( ( ( ( ( ( ( ( ( ( ( ( ( ( ( ( ( ( ( ( ( ( ( ( ( ( ( ( ( ( ( ( ( ( ( ( ( ( ( ( ( ( ( ( ( ( ( ( ( ( ( ( ( ( ( ( ( ( ( ( ( ( ( ( ( ( ( ( ( ( ( ( ( ( ( ( ( ( ( ( ( ( ( ( ( ( ( ( ( ( ( ( ( ( ( ( ( ( ( ( ( ( ( ( ( ( ( ( ( ( ( ( ( ( ( ( ( ( ( ( ( ( ( ( ( 572424/ 4818936 (((((((((((((((((((((((((((((((((((((((((((((((((((((((((( CÓDIGO SU/SNR: ( ( ( ( ( ( ( ( ( ( ( ( ( ( ( ( ( ( ( ( ( ( ( ( ( ( ( ( ( ( ( ( ( ( ( ( ( ( ( ( ( ( ( ( ( ( ( ( ( ( ( ( ( ( ( ( ( ( ( ( ( ( ( ( ( ( ( ( ( ( ( ( ( ( ( ( ( ( ( ( ( ( ( ( ( ( ( ( ( ( ( ( ( ( ( ( ( ( ( ( ( ( ( ( ( ( ( ( ( ( ( ( ( ( ( ( ( ( ( ( ( ( ( ( ( ( ( ( ( ( ( ( ( ( ( ( ( ( ( ( ( (((((((((((((((((((((((((((((((((((((((((((((((((((((((((( ( ( ( ( ( ( ( ( ( ( ( ( ( ( ( ( ( ( ( ( ( ( ( ( ( ( ( ( ( ( ( ( ( ( ( ( ( ( ( ( ( ( ( ( ( ( ( ( ( ( ( ( ( ( ( ( ( ( ( ( ( ( ( ( ( ( ( ( ( ( ( ( ( ( ( ( ( ( ( ( ( ( ( ( ( ( ( ( ( ( ( ( ( ( ( ( ( ( ( ( ( ( ( ( ( ( ( ( ( ( ( ( ( ( ( ( ( ( ( ( ( ( ( ( ( ( ( ( ( ( ( ( ( ( ( ( ( ( ( ( ( (((((((((((((((((((((((((((((((((((((((((((((((((((((((((( CLASIFICACIÓN, CATEGORÍA E TIPO ( ( ( ( ( ( ( ( ( ( ( ( ( ( ( ( ( ( ( ( ( ( ( ( ( ( ( ( ( ( ( ( ( ( ( ( ( ( ( ( ( ( ( ( ( ( ( ( ( ( ( ( ( ( ( ( ( ( ( ( ( ( ( ( ( ( ( ( ( ( ( ( ( ( ( ( ( ( ( ( ( ( ( ( ( ( ( ( ( ( ( ( ( ( ( ( ( ( ( ( ( ( ( ( ( ( ( ( ( ( ( ( ( ( ( ( ( ( ( ( ( ( ( ( ( ( ( ( ( ( ( ( ( ( ( ( ( ( ( ( ( (((((((((((((((((((((((((((((((((((((((((((((((((((((((((( ( ( ( ( ( ( ( ( ( ( ( ( ( ( ( ( ( ( ( ( ( ( ( ( ( ( ( ( ( ( ( ( ( ( ( ( ( ( ( ( ( ( ( ( ( ( ( ( ( ( ( ( ( ( ( ( ( ( ( ( ( ( ( ( ( ( ( ( ( ( ( ( ( ( ( ( ( ( ( ( ( ( ( ( ( ( ( ( ( ( ( ( ( ( ( ( ( ( ( ( ( ( (SNRT ( ( ( ( ( ( ( ( ( ( ( ( ( ( ( ( ( ( ( ( ( ( ( ( ( ( ( ( ( ( ( ( ( ( ( ( ( ( ( ( ( ( ( ( ( ( ( ((((((((((((((((((((((((((((((((((((((((((((((((( CLASIFICACIÓN: Be n Catalogad o ( ( ( ( ( ( ( ( ( ( ( ( ( ( ( ( ( ( ( ( ( ( ( ( ( ( ( ( ( ( ( ( ( ( ( ( ( ( ( ( ( ( ( ( ( ( ( ( ( ( ( ( ( ( ( ( ( ( ( ( ( ( ( ( ( ( ( ( ( ( ( ( ( ( ( ( ( ( ( ( ( ( ( ( ( ( ( ( ( ( ( ( ( ( ( ( ( ( ( ( ( ( ( ( ( ( ( ( ( ( ( ( ( ( ( ( ( ( ( ( ( ( ( ( ( ( ( ( ( ( ( ( ( ( ( ( ( ( ( ( ( (((((((((((((((((((((((((((((((((((((((((((((((((((((((((( ( ( ( ( ( ( ( ( ( ( ( ( ( ( ( ( ( ( ( ( ( ( ( ( ( ( ( ( ( ( ( ( ( ( ( ( ( ( ( ( ( ( ( ( ( ( ( ( ( ( ( ( ( ( ( ( ( ( ( ( ( ( ( ( ( ( ( ( ( ( ( ( ( ( ( ( ( ( ( ( ( ( ( ( ( ( ( ( ( ( ( ( ( ( ( ( ( ( ( ( ( ( ( ( ( ( ( ( ( ( ( ( ( ( ( ( ( ( ( ( ( ( ( ( ( ( ( ( ( ( ( ( ( ( ( ( ( ( ( ( ( (((((((((((((((((((((((((((((((((((((((((((((((((((((((((( CATEGORÍA: Xace m e nto arque olóxico ( ( ( ( ( ( ( ( ( ( ( ( ( (SRPIN ( ( ( ( ( ( ( ( ( ( ( ( ( ( ( ( ( ( ( ( ( ( ( ( ( ( ( ( ( ( ( ( ( ( ( ( ( ( ( ( ( ( ( ( ( ( ( ( ( ( ( ( ( ( ( ( ( ( ( ( ( ( ( ( ( ( ( ( ( ( ( ( ( ( ( ( ( ( ( ( ( ( ( ( ( ( ( ( ( ( ( ( ( ( ( ( ( ( ( ( ( ( ( ( ( ( ( ( ( ( ( ( ( ( ( ( ( ( ( ( ( ( ( ( ( ( ( ( ( ( ( ( ( ( ( ( ( ( ( ( ( (((((((((((((((((((((((((((((((((((((((((((( ( ( ( ( ( ( ( ( ( ( ( ( ( ( ( ( ( ( ( ( ( ( ( ( ( ( (SRPP ( ( ( ( ( ( ( ( ( ( ( ( ( ( ( ( ( ( ( ( ( ( ( ( ( ( ( ( ( ( ( ( ( ( ( ( ( ( ( ( ( ( ( ( ( ( ( ( ( ( ( ( ( ( ( ( ( ( ( ( ( ( ( ( ( ( ( ( ( ( ( ( ( ( ( ( ( ( ( ( ( ( ( ( ( ( ( ( ( ( ( ( ( ( TIPO: 1.Arque olóxico ( ( ( ( ( ( ( ( ( ( ( ( ( ( ( ( ( ( ( ( ( ( ( ( ( ( ( ( ( ( ( ( ( ( ( ( ( ( ( ( ( ( ( ( ( ( ( ( ( ( ( ( ( ( ( ( (((((((((((((((((((((((((((((((( ( ( ( ( ( ( ( ( ( ( ( ( ( ( ( ( ( ( ( ( ( ( ( ( ( ( ( ( ( ( ( ( ( ( ( ( ( ( ( ( ( ( ( ( ( ( ( ( ( ( ( ( ( ( ( ( ( ( ( ( ( ( ( ( ( ( ( ( ( ( ( ( ( ( ( ( ( ( ( ( ( ( ( ( ( ( ( ( ( ( ( ( ( ( ( ( ( ( ( ( ( ( ( ( ( ( ( ( ( ( ( ( (!X-48 ( ( ( ( ( ( ( ( ( ( ( ( ( ( ( ( ( ( ( ( ( ( ( ( ( ( ( ( ( ( ( ( ( ( ( ( ( ( ( ( ( ( ( ( ( ( ( ( ( ( ( ( ( ( ( ( ( ( ( ( ( ( ( ( ( ((((((((((((((((((((((((((((( ( ( ( ( ( ( ( ( ( ( ( ( ( ( ( ( ( ( ( ( ( ( ( ( ( ( ( ( ( ( ( ( ( ( ( ( ( ( ( ( ( ( ( ( ( ( ( ( ( ( ( ( ( ( ( ( ( ( ( ( ( ( ( ( ( ( ( ( ( ( ( ( ( ( ( ( ( ( ( ( ( ( ( ( ( ( ( ( ( ( ( ( ( ( ( ( ( ( ( ( ( ( ( ( ( ( ( ( ( ( ( ( ( ( ( ( ( ( ( ( ( ( ( (((((((((((((((((((((((((((((((((((((((((((((((((((((((((( ( ( ( ( ( ( ( ( ( ( ( ( ( ( ( ( ( ( ( ( ( ( ( ( ( ( ( ( ( ( ( ( ( ( ( ( ( ( ( ( ( ( ( ( ( ( ( DESCRICIÓN ( ( ( ( ( ( ( ( ( ( ( ( ( ( ( ( ( ( ( ( ( ( ( ( ( ( ( ( ( ( ( ( ( ( ( ( ( ( ( ( ( ( ( ( ( ( ( ( ( ( ( ( ( ( ( ( ( ( ( ( ( ( ( ( ( ( ( ( ( ( ( ( ( ( ( ( ( ( ( ( ( ( ( ( ( ( ( ( ( ( ( ( ( ( (((((((((((((((((((((((((((((((((((((((((((((((((((((((((( ( ( ( ( ( ( ( ( ( ( ( ( ( ( ( ( ( ( ( ( ( ( ( ( ( ( ( ( ( ( ( ( ( ( ( ( ( ( ( ( ( ( ( ( ( ( ( ( ( ( ( ( ( ( ( ( ( ( ( ( ( ( ( ( ( ( ( ( ( ( ( ( ( ( ( ( ( ( ( ( ( ( ( ( ( ( ( ( ( ( ( ( ( ( Ele m e nto arque olóx ic o con tipolox í a d e castro,pe ro cunh a e structura m oi singular.Foi d e te ctad o m e d iante o análise d a ( ( ( ( ( ( ( ( ( ( ( ( ( ( ( ( ( ( ( ( ( ( ( ( ( ( ( ( ( ( ( ( ( ( ( ( ( ( ( ( ( ( ( ( ( ( ( (((((((((((((((((((((((((((((((((((((((((((((((((((((((((( ( ( ( ( ( ( ( ( ( ( ( ( ( ( ( ( ( ( ( ( ( ( ( ( ( ( ( ( ( ( ( ( ( ( ( ( ( ( ( ( ( ( ( ( ( ( ( ( ( ( ( ( ( ( ( ( ( ( ( ( ( ( ( ( ( ( ( ( ( ( ( ( ( ( ( ( ( ( ( ( ( ( ( ( ( ( ( ( ( ( ( ( ( ( ( ( ( ( ( ( ( ( ( ( ( ( ( ( ( ( ( ( ( ( ( ( ( ( ( ( ( ( ( ( ( ( ( ( ( ( ( ( ( ( ( ( ( ( ( ( ( (((((((((((((((((((((((((((((((((((((((((((((((((((((((((( fotograf íad o Vó Ane ricano d o 1955,e no vó LI DAR apare ce bastante m ais d if uso,se e xce ptuam os unh a d as e structuras ( ( ( ( ( ( ( ( ( ( ( ( ( ( ( ( ( ( ( ( ( ( ( ( ( ( ( ( ( ( ( ( ( ( ( ( ( ( ( ( ( ( ( ( ( ( ( ( ( ( ( ( ( ( ( ( ( ( ( ( ( ( ( ( ( ( ( ( ( ( ( ( ( ( ( ( ( ( ( ( ( ( ( ( ( ( ( ( ( ( ( ( ( ( ( ( ( ( ( ( ( ( ( ( ( ( ( ( ( ( ( ( ( ( ( ( ( ( ( ( ( ( ( ( ( ( ( ( ( ( ( ( ( ( ( ( ( ( ( ( ( (((((((((((((((((((((((((((((((((((((((((((((((((((((((((( principais. Constad e d ous re cintos c irculare s,o principal d e 46, 5m e o se cund ario d e 30m ,d e lim itad os por f oxos d os que o ( ( ( ( ( ( ( ( ( ( ( ( ( ( ( ( ( ( ( ( ( ( ( ( ( ( ( ( ( ( ( ( ( ( ( ( ( ( ( ( ( ( ( ( ( ( ( ( ( ( ( ( ( ( ( ( ( ( ( ( ( ( ( ( ( ( ( ( ( ( ( ( ( ( ( ( ( ( ( ( ( ( ( ( ( ( ( ( ( ( ( ( ( ( ( ( ( ( ( ( ( ( ( ( ( ( ( ( ( ( ( ( ( ( ( ( ( ( ( ( ( ( ( ( ( ( ( ( ( ( ( ( ( ( ( ( ( ( ( ( ( (((((((((((((((((((((((((((((((((((((((((((((((((((((((((( ( ( ( ( ( ( ( ( ( ( ( ( ( ( ( ( ( ( ( ( ( ( ( ( ( ( ( ( ( ( ( ( ( ( ( ( ( ( ( ( ( ( ( ( ( ( ( foxo Le ste d o re cinto principal ée spe cialm e nte signif icativo,acad and o ós 5- 6m d e alturae se nd o re utilizad o com o congostra ( ( ( ( ( ( ( ( ( ( ( ( ( ( ( ( ( ( ( ( ( ( ( ( ( ( ( ( ( ( ( ( ( ( ( ( ( ( ( ( ( ( ( ( ( ( ( ( ( ( ( ( ( ( ( ( ( ( ( ( ( ( ( ( ( ( ( ( ( ( ( ( ( ( ( ( ( ( ( ( ( ( ( ( ( ( ( ( ( ( ( ( ( ( (((((((((((((((((((((((((((((((((((((((((((((((((((((((((( ( ( ( ( ( ( ( ( ( ( ( ( ( ( ( ( ( ( ( ( ( ( ( ( ( ( ( ( ( ( ( ( ( ( ( ( ( ( ( ( ( ( ( ( ( ( ( parao acce so aun pe que ño casal ce rcano. O re alm e nte incrilbe l d e stae structuraéque por un lad o non e x iste folk lore d e ( ( ( ( ( ( ( ( ( ( ( ( ( ( ( ( ( ( ( ( ( ( ( ( ( ( ( ( ( ( ( ( ( ( ( ( ( ( ( ( ( ( ( ( ( ( ( ( ( ( ( ( ( ( ( ( ( ( ( ( ( ( ( ( ( ( ( ( ( ( ( ( ( ( ( ( ( ( ( ( ( ( ( ( ( ( ( ( ( ( ( ( ( ( (((((((((((((((((((((((((((((((((((((((((((((((((((((((((( ( ( ( ( ( ( ( ( ( ( ( ( ( ( ( ( ( ( ( ( ( ( ( ( ( ( ( ( ( ( ( ( ( ( ( ( ( ( ( ( ( ( ( ( ( ( ( ningún tipo asociad o,nin f orad e te ctad o e n ningún d os abond osos traballos d e catalogación d acom arc a.A d ocum e ntación ( ( ( ( ( ( ( ( ( ( ( ( ( ( ( ( ( ( ( ( ( ( ( ( ( ( ( ( ( ( ( ( ( ( ( ( ( ( ( ( ( ( ( ( ( ( ( ( ( ( ( ( ( ( ( ( ( ( ( ( ( ( ( ( ( ( ( ( ( ( ( ( ( ( ( ( ( ( ( ( ( ( ( ( ( ( ( ( ( ( ( ( ( ( (((((((((((((((((((((((((((((((((((((((((((((((((((((((((( ( ( ( ( ( ( ( ( ( ( ( ( ( ( ( ( ( ( ( ( ( ( ( ( ( ( ( ( ( ( ( ( ( ( ( ( ( ( ( ( ( ( ( ( ( ( ( ( ( ( ( ( ( ( ( ( ( ( ( ( ( ( ( ( ( ( ( ( ( ( ( ( ( ( ( ( ( ( ( ( ( ( ( ( ( ( ( ( ( ( ( ( ( ( ( ( ( ( ( ( ( ( ( ( ( ( ( ( ( ( ( ( ( ( ( ( ( ( ( ( ( ( ( ( ( ( ( ( ( ( ( ( ( ( ( ( ( ( ( ( (SRPO m e d ie val re f íre se a e sta zona ( Carbalo Furad o)nun par d e ocasións para d e c ir que a f orca d o Moste iro d e Pe d roso ( ( ( ( ( ( ( ( ( ( ( ( ( ( ( ( ( ( ( ( ( ( ( ( ( ( ( ( ( ( ( ( ( ( ( ( ( ( ( ( ( ( ( ( ( ( ( ( ( ( ( ( ( ( ( ( ( ( ( ( ( ( ( ( ( ( ( ( ( ( ( ( ( ( ( ( ( ( ( ((((((((((( ( ( ( ( ( ( ( ( ( ( ( ( ( ( ( ( ( ( ( ( ( ( ( ( ( ( ( ( ( ( ( ( ( ( ( ( ( ( ( ( ( ( ( ( ( ( ( ( ( ( ( ( ( ( ( ( ( ( ( ( ( ( e m plaz ábase e iquí ,posto que e raun d os se us lí m ite s com o couto.Am aiore s pre se ntare lación conte xtual c oaigre xad e Doso ( ( ( ( ( ( ( ( ( ( ( ( ( ( ( ( ( ( ( ( ( ( ( ( ( ( ( ( ( ( ( ( ( ( ( ( ( ( ( ( ( ( ( ( ( ( ( (((((((((((((((((((((((((((((((((((((((((((((((((((((((((( SRPO ( ( ( ( (SRPO ((((((((((((((((((((((((((((((((((((( ((((((((((((((((((((( ou Cape lad o Ram o R- 11,xam e ncionad ano Docum e nto d e T ruc tino ( 868).Figuracom o punto d e paso d o Cam iño d as Ánim as ( ( ( ( ( ( ( ( ( ( ( ( ( ( ( ( ( ( ( ( SRPO ( ( ( ( SRPO (SRPO ((((((((((((((((((((((((((((( “e t pe r (fonte )Gavam e t ind e ad que rquum Ed ratil“.Ainsiste nte pre se nzad e ste c arballo f ainos plante xar se e ste non se ráun ((((((((((((((((((((((((((((((((((((((((((((((((((((((((( re cinto c ultual. (((((((((((((((((((((((((((((((((((((((((((((((((((((((((( ( ( ( ( ( ( ( ( ( ( ( ( ( ( ( ( ( ( ( ( ( ( ( ( ( ( ( ( (SNRC ((((((((((((((((((((((((((((( (((((((((((((((((((((((((((((((((((((((((((((((((((((((((( (((((((((((((((((((((((((((((((((((((((((((((((((((((((((( ( ( ( ( (SRPO ( ( ( ( ( ( SNRC ( ( ( ( ( ( ( ( ( ( ( ( ( ( ( ( ( ( ( ( ( ( ( ( ( ( ( ( ( ( ( ( ( ( ( ( ( ( ( ( 1:2.000 SRPP ((((((( ( ( ( ( ( ( ( ( ( ( ( ( ( ( ( ( ( ( ( ( ( ( ( ( ( ( ( ( ( ( ( ( ( ( ( ( (SRPP (((((( ( (SNRC ((((((((((((( e n(c ( ( ( (B( a (ta (log (a (d o(d(e sc ( r( ito(na (fich(a( ( ( (D(e lim .be n(arque olóx ( ic (o( ( ( (Z (ona ( (d e(am( ort(e c (e m(e(nt( oA(rque ( (olóx ( (ica( ( ( ( ( ( ( ( ( ( ( ( ( ( (( ( ( (( ( ( ( ( ( ( ( ( ( ( ( ( ( ( ( ( ( ( ( ( ( ( ( ( ( ( Contorno d e prote cc ión Arque olóxico ( ( ( ( ( ( ( ( ESTADO DE CONSERVACIÓN FOTOGRAFÍAS DO ELEMENTO CATALOGADO Re gular NIVEL DE PROTECCIÓN I nte gral	Cabrita CLASIFICACIÓN E CATEGORÍA DO SOLO: SR( SRPP) ( ( ( (SRPIN (((((((((((((((((((((((((((((((((((((((((((((((((((((( CÓD. PLANO INF. E: 1/5.000 : 06 ( ( ( ( ( ( ( ( ( ( ( ( ( ( ( ( ( ( ( ( ( ( ( ( ( ( ( ( ( ( ( ( ( ( ( ( ( ( ( ( ( ( ( ( ( ( ( ((((((((((((((((((((((((((((((((((((((((((((((((((((((((((	trasancos_estricto		web_catalog_candidate	medium_low	official_municipal_catalog	desconocido			missing		needs_geocoding	review_only	Reconciliar manualmente antes de usar como positivo fuerte.	PXOM Narón 2023/2024	https://pxom.naron.gal/08.CAT/15054_PXOM_202310_AI_CAT_02F/15054_PXOM_202310_AI_CAT_02F_01ARQ_X-48_signed_signed.pdf	Candidato procedente de catálogo web no reconciliado con la tabla oficial normalizada.
tra-naron-ga15054001	X-39 Monte do Castro	X-39 Monte do Castro	Narón	O Val		trasancos_estricto	GA15054001	official_castro	high	official_catalog	desconocido			missing		needs_geocoding	review_only	Buscar/revisar coordenadas antes de crear tiles.	PXOM Narón 2023/2024; PXOM Narón 2023/2024, índice y fichas arqueológicas	https://pxom.naron.gal/08.CAT/15054_PXOM_202310_AI_CAT_02F/15054_PXOM_202310_AI_CAT_02F_01ARQ_X-39_signed_signed.pdf	
tra-naron-ga15054002	X-41 Castro de Quintá	Castro de O Val; Castro de Quintá; O Val; Quintá; X-41 Castro de Quintá	Narón	O Val	Quintá	trasancos_estricto	GA15054002	official_castro	high	official_catalog	Regular	43.55276224	-8.21425471	point_from_source	Patrimonio Galego	positive_o_val_holdout	test_o_val		André Pena Graña, Narón un concello con historia de seu I, edición Calaméo 2010, lista Catalogación de Castros de Galicia; Artabro; Galipedia; PXOM Narón 2023/2024; PXOM Narón 2023/2024, índice y fichas arqueológicas; Patrimonio Galego	http://www.artabro.es/node38.html; https://gl.wikipedia.org/wiki/Castro_de_Quint%C3%A1; https://patrimoniogalego.net/index.php/92169/2017/01/castro-de-quinta-2/; https://pxom.naron.gal/08.CAT/15054_PXOM_202310_AI_CAT_02F/15054_PXOM_202310_AI_CAT_02F_01ARQ_X-41_signed_signed.pdf; https://www.calameo.com/books/00129295754f931ea1d4a	Presente en lista clásica Pena/Calaméo nº 14. | 3 coordenadas candidatas en fuentes; se eligió Patrimonio Galego por prioridad.
tra-naron-ga15054003	X-14 Castro de San Mateo	Castro do Vilar; O Vilar; Vilar; X-14 Castro de San Mateo	Narón	Trasancos / San Mateo	O Vilar	trasancos_estricto	GA15054003	official_castro	high	official_catalog	desconocido	43.54385000	-8.22206000	point_from_source	Galipedia	test_positive_candidate	test		André Pena Graña, Narón un concello con historia de seu I, edición Calaméo 2010, lista Catalogación de Castros de Galicia; Galipedia; PXOM Narón 2023/2024; PXOM Narón 2023/2024, índice y fichas arqueológicas	https://gl.wikipedia.org/wiki/Castro_do_Vilar; https://pxom.naron.gal/08.CAT/15054_PXOM_202310_AI_CAT_02F/15054_PXOM_202310_AI_CAT_02F_01ARQ_X-14_signed_signed.pdf; https://www.calameo.com/books/00129295754f931ea1d4a	Presente en lista clásica Pena/Calaméo nº 15.
tra-naron-ga15054004	X-40 Castro de Santa María	Borreiros; X-40 Castro de Santa María	Narón	Castro (Santa María)	Borreiros	trasancos_estricto	GA15054004	official_castro	high	official_catalog	desconocido			missing		needs_geocoding	review_only	Buscar/revisar coordenadas antes de crear tiles.	PXOM Narón 2023/2024; PXOM Narón 2023/2024, índice y fichas arqueológicas	https://pxom.naron.gal/08.CAT/15054_PXOM_202310_AI_CAT_02F/15054_PXOM_202310_AI_CAT_02F_01ARQ_X-40_signed_signed.pdf	
tra-naron-ga15054005	X-10 Castro de Eiravedra	Castro de Eiravedra; Eiravedra; X -10 Castro deEiravedra; X-10 Castro de Eiravedra	Narón	Sedes	Eiravedra	trasancos_estricto	GA15054005	official_castro	high	official_catalog	Regular	43.55106713	-8.13361678	point_from_source	Patrimonio Galego	test_positive_candidate	test		André Pena Graña, Narón un concello con historia de seu I, edición Calaméo 2010, lista Catalogación de Castros de Galicia; Galipedia; PXOM Narón 2023/2024; PXOM Narón 2023/2024, índice y fichas arqueológicas; Patrimonio Galego	https://gl.wikipedia.org/wiki/Castro_de_Eiravedra; https://patrimoniogalego.net/index.php/91717/2016/12/castro-de-eiravedra/; https://pxom.naron.gal/08.CAT/15054_PXOM_202310_AI_CAT_02F/15054_PXOM_202310_AI_CAT_02F_01ARQ_X-10_signed_signed.pdf; https://www.calameo.com/books/00129295754f931ea1d4a	Presente en lista clásica Pena/Calaméo nº 18. | 2 coordenadas candidatas en fuentes; se eligió Patrimonio Galego por prioridad.
tra-naron-ga15054006	X-09 Castro de Couto / O Petouzal	Castro de Couto; Castro do Petouzal; Couto; O Petouzal; Petouzal; X-09 Castro de Couto; X-09 Castro de Couto / O Petouzal	Narón	O Couto		trasancos_estricto	GA15054006	official_castro	high	official_catalog	desconocido	43.50166700	-8.17916700	point_from_source	Artabro	test_positive_candidate	test		Artabro; Galipedia; PXOM Narón 2023/2024; PXOM Narón 2023/2024, índice y fichas arqueológicas	http://www.artabro.es/node31.html; https://gl.wikipedia.org/wiki/Castro_do_Petouzal; https://pxom.naron.gal/08.CAT/15054_PXOM_202310_AI_CAT_02F/15054_PXOM_202310_AI_CAT_02F_01ARQ_X-09_signed_signed.pdf	2 coordenadas candidatas en fuentes; se eligió Artabro por prioridad.
tra-naron-ga15054007	X-11 Castro de Sequeiro	Castro de Sequeiro; Sequeiro; X-11 Castro de Sequeiro	Narón	San Xiao de Narón	Sequeiro	trasancos_estricto	GA15054007	official_castro	high	official_catalog	Regular	43.53359229	-8.17290577	point_from_source	Patrimonio Galego	test_positive_candidate	test		André Pena Graña, Narón un concello con historia de seu I, edición Calaméo 2010, lista Catalogación de Castros de Galicia; Artabro; Galipedia; PXOM Narón 2023/2024; PXOM Narón 2023/2024, índice y fichas arqueológicas; Patrimonio Galego	http://www.artabro.es/node33.html; https://gl.wikipedia.org/wiki/Castro_de_Sequeiro; https://patrimoniogalego.net/index.php/91863/2017/01/castro-de-sequeiro/; https://pxom.naron.gal/08.CAT/15054_PXOM_202310_AI_CAT_02F/15054_PXOM_202310_AI_CAT_02F_01ARQ_X-11_signed_signed.pdf; https://www.calameo.com/books/00129295754f931ea1d4a	Presente en lista clásica Pena/Calaméo nº 16. | 3 coordenadas candidatas en fuentes; se eligió Patrimonio Galego por prioridad.
tra-naron-ga15054009	X-15 Castro de Vicás	Castro de Vicás; Vicás; X-15 Castro de Vicás	Narón	San Xiao de Narón	Vicás	trasancos_estricto	GA15054009	official_castro	high	official_catalog	Regular	43.53436231	-8.15872225	point_from_source	Patrimonio Galego	test_positive_candidate	test		André Pena Graña, Narón un concello con historia de seu I, edición Calaméo 2010, lista Catalogación de Castros de Galicia; PXOM Narón 2023/2024; PXOM Narón 2023/2024, índice y fichas arqueológicas; Patrimonio Galego	https://patrimoniogalego.net/index.php/91657/2016/12/castro-de-vicas/; https://pxom.naron.gal/08.CAT/15054_PXOM_202310_AI_CAT_02F/15054_PXOM_202310_AI_CAT_02F_01ARQ_X-15_signed_signed.pdf; https://www.calameo.com/books/00129295754f931ea1d4a	Presente en lista clásica Pena/Calaméo nº 19.
tra-naron-ga15054010	X-04 Castro da Ermida	A Ermida; Castro da Ermida; Ermida; X-04 Castro da Ermida	Narón	Pedroso		trasancos_estricto	GA15054010	official_castro	high	official_catalog	desconocido	43.53370500	-8.10388900	point_from_source	Artabro	test_positive_candidate	test		André Pena Graña, Narón un concello con historia de seu I, edición Calaméo 2010, lista Catalogación de Castros de Galicia; Artabro; Galipedia; PXOM Narón 2023/2024; PXOM Narón 2023/2024, índice y fichas arqueológicas	http://www.artabro.es/node36.html; https://gl.wikipedia.org/wiki/Castro_da_Ermida; https://pxom.naron.gal/08.CAT/15054_PXOM_202310_AI_CAT_02F/15054_PXOM_202310_AI_CAT_02F_01ARQ_X-04_signed_signed.pdf; https://www.calameo.com/books/00129295754f931ea1d4a	Presente en lista clásica Pena/Calaméo nº 20. | 2 coordenadas candidatas en fuentes; se eligió Artabro por prioridad.
tra-naron-ga15054015	X-12 Castro de Pena Lopesa	Castro de Pena Lopesa; Lopesa; Pena Lopesa; X-12 Castro de Pena Lopesa	Narón	O Val	Lopesa	trasancos_estricto	GA15054015	official_castro	high	official_catalog	Desaparecido | Moi malo	43.57706666	-8.22606683	point_from_source	Patrimonio Galego	positive_damaged_review	review_only		André Pena Graña, Narón un concello con historia de seu I, edición Calaméo 2010, lista Catalogación de Castros de Galicia; Artabro; Galipedia; PXOM Narón 2023/2024; PXOM Narón 2023/2024, índice y fichas arqueológicas; Patrimonio Galego	http://www.artabro.es/node41.html; https://gl.wikipedia.org/wiki/Castro_de_Pena_Lopesa; https://patrimoniogalego.net/index.php/88309/2016/08/castro-de-pena-lopesa/; https://pxom.naron.gal/08.CAT/15054_PXOM_202310_AI_CAT_02F/15054_PXOM_202310_AI_CAT_02F_01ARQ_X-12_signed_signed.pdf; https://www.calameo.com/books/00129295754f931ea1d4a	Presente en lista clásica Pena/Calaméo nº 25. | 3 coordenadas candidatas en fuentes; se eligió Patrimonio Galego por prioridad.
tra-naron-ga15054037	X-07 Castro de A Pedreira	A Pedreira; Castro da Pedreira; Castro de A Pedreira; Castro de Pedreira; Pedreira; X-07 Castro de A Pedreira	Narón	O Val	Pedreira	trasancos_estricto	GA15054037	official_castro	high	official_catalog	Malo	43.56084834	-8.22899613	point_from_source	Patrimonio Galego	positive_o_val_holdout	test_o_val		Artabro; Galipedia; PXOM Narón 2023/2024; PXOM Narón 2023/2024, índice y fichas arqueológicas; Patrimonio Galego	http://www.artabro.es/node63.html; https://gl.wikipedia.org/wiki/Castro_da_Pedreira; https://patrimoniogalego.net/index.php/88189/2016/08/castro-da-pedreira/; https://pxom.naron.gal/08.CAT/15054_PXOM_202310_AI_CAT_02F/15054_PXOM_202310_AI_CAT_02F_01ARQ_X-07_signed_signed.pdf	3 coordenadas candidatas en fuentes; se eligió Patrimonio Galego por prioridad.
tra-naron-o-castro	O Castro	O Castro	Narón	San Martiño do Couto		trasancos_estricto		classical_catalog_reference	medium_low	classical_secondary_catalog	Desaparecido			missing		positive_damaged_review	review_only		André Pena Graña, Narón un concello con historia de seu I, edición Calaméo 2010, lista Catalogación de Castros de Galicia	https://www.calameo.com/books/00129295754f931ea1d4a	Entrada de la lista clásica Pena/Calaméo pendiente de reconciliación con catálogo oficial. | Presente en lista clásica Pena/Calaméo nº 22.
tra-naron-to15054003	X-08 Castro de Abaixo	Abaixo; Castro de Abaixo; X-08 Castro de Abaixo	Narón			trasancos_estricto	TO15054003	official_reference_or_toponym	medium	official_reference	desconocido			missing		needs_geocoding	review_only	Buscar/revisar coordenadas antes de crear tiles.	PXOM Narón 2023/2024; PXOM Narón 2023/2024, índice y fichas arqueológicas	https://pxom.naron.gal/08.CAT/15054_PXOM_202310_AI_CAT_02F/15054_PXOM_202310_AI_CAT_02F_01ARQ_X-08_signed_signed.pdf	en PXOM como toponímico/castro; revisar código
tra-naron-vilasuso	Castro de Vilasuso	Castro de Vilasuso; Vilasuso	Narón	Santa María Maior do Val		trasancos_estricto	GA150054001	classical_catalog_reference	medium_low	classical_secondary_catalog	Regular	43.56705213	-8.22056326	point_from_source	Patrimonio Galego	positive_o_val_holdout	test_o_val		André Pena Graña, Narón un concello con historia de seu I, edición Calaméo 2010, lista Catalogación de Castros de Galicia; Artabro; Galipedia; Patrimonio Galego	http://www.artabro.es/node39.html; https://gl.wikipedia.org/wiki/Castro_de_Vilasuso; https://patrimoniogalego.net/index.php/88333/2016/08/castro-de-vilasuso/; https://www.calameo.com/books/00129295754f931ea1d4a	Entrada de la lista clásica Pena/Calaméo pendiente de reconciliación con catálogo oficial. | 3 coordenadas candidatas en fuentes; se eligió Patrimonio Galego por prioridad.
tra-naron-x-05-castro-da-pereiruga	X-05 Castro da Pereiruga	Castro da Pereiruga ( ( ( ( ( ( ( ( SRPAU; Castro de Pereiruga; Pereiruga; Pereiruga ( ( ( ( ( ( ( ( SRPAU; X-05 Castro da Pereiruga	Narón	Pedroso		trasancos_estricto	GA15054016	official_uncoded_castro	medium_high	official_catalog_uncoded	desconocido	43.54361100	-8.11916700	point_from_source	Artabro	test_positive_candidate	test		André Pena Graña, Narón un concello con historia de seu I, edición Calaméo 2010, lista Catalogación de Castros de Galicia; Artabro; Galipedia; PXOM Narón 2023/2024; PXOM Narón 2023/2024, índice y fichas arqueológicas	http://www.artabro.es/node62.html; https://gl.wikipedia.org/wiki/Castro_de_Pereiruga; https://pxom.naron.gal/08.CAT/15054_PXOM_202310_AI_CAT_02F/15054_PXOM_202310_AI_CAT_02F_01ARQ_X-05_signed_signed.pdf; https://www.calameo.com/books/00129295754f931ea1d4a	Presente en lista clásica Pena/Calaméo nº 24. | 2 coordenadas candidatas en fuentes; se eligió Artabro por prioridad.
tra-naron-x-06-castro-da-revolta	X-06 Castro da Revolta	A Revolta; Castro da Revolta; Castro de Revolta; Revolta; X-06 Castro da Revolta	Narón	Sedes	A Revolta	trasancos_estricto	GA15054008	official_uncoded_castro	medium_high	official_catalog_uncoded	desconocido	43.53930500	-8.15694400	point_from_source	Artabro	test_positive_candidate	test		André Pena Graña, Narón un concello con historia de seu I, edición Calaméo 2010, lista Catalogación de Castros de Galicia; Artabro; Galipedia; PXOM Narón 2023/2024; PXOM Narón 2023/2024, índice y fichas arqueológicas	http://www.artabro.es/node34.html; https://gl.wikipedia.org/wiki/Castro_da_Revolta; https://pxom.naron.gal/08.CAT/15054_PXOM_202310_AI_CAT_02F/15054_PXOM_202310_AI_CAT_02F_01ARQ_X-06_signed_signed.pdf; https://www.calameo.com/books/00129295754f931ea1d4a	Presente en lista clásica Pena/Calaméo nº 17. | 2 coordenadas candidatas en fuentes; se eligió Artabro por prioridad.
tra-naron-x-48-castro-do-ramo	X-48 Castro do Ramo	X-48 Castro do Ramo	Narón			trasancos_estricto		official_uncoded_castro	medium_high	official_catalog_uncoded	desconocido			missing		needs_geocoding	review_only	Buscar/revisar coordenadas antes de crear tiles.	PXOM Narón 2023/2024, índice y fichas arqueológicas	https://pxom.naron.gal/08.CAT/15054_PXOM_202310_AI_CAT_02F/15054_PXOM_202310_AI_CAT_02F_01ARQ_X-48_signed_signed.pdf	en trámite según índice PXOM
tra-naron-x-50-cercado-neolitico-da-lagoa-pena-grande	X-50 Cercado neolítico da Lagoa / Pena Grande	Castro de Pena Grande; Cercado neolítico da Lagoa; Cercado neolítico da Lagoa/ Pena Grande; Pena Grande; X-50 Cercado neolítico da Lagoa; X-50 Cercado neolítico da Lagoa / Pena Grande	Narón	O Val	Pena Grande	trasancos_estricto		conflict_neolithic_or_castro	medium	official_catalog_conflict	desconocido	43.55351900	-8.23823500	point_from_source	Artabro	review_only	review_only		Artabro; PXOM Narón 2023/2024; PXOM Narón 2023/2024, índice y fichas arqueológicas	http://www.artabro.es/node65.html; https://pxom.naron.gal/08.CAT/15054_PXOM_202310_AI_CAT_02F/15054_PXOM_202310_AI_CAT_02F_01ARQ_X-50_signed_signed.pdf	Pena Grande/Lagoa: no usar como positivo hasta resolver castro vs cercado neolítico. | no tratar automáticamente como castro; caso conflictivo
tra-neda-castro-de-ancos	Castro de Ancos	Alto de Ancos; Ancos; Castro de Ancos; Monte Ancos	Neda	Santa María de Neda	Alto de Ancos	trasancos_estricto		official_uncoded_castro	medium_high	official_catalog_uncoded	desconocido	43.52196000	-8.14037000	point_from_source	Galipedia	train_positive_candidate	train		André Pena Graña, Narón un concello con historia de seu I, edición Calaméo 2010, lista Catalogación de Castros de Galicia; Galipedia; NNSS Neda / SIOTUGA y Plan Sectorial 2014	https://gl.wikipedia.org/wiki/Castro_de_Ancos; https://siotuga.xunta.gal/siotuga/documentos/urbanismo/NEDA/documents/0242ca004.pdf; https://www.calameo.com/books/00129295754f931ea1d4a	catálogo NNSS Neda, ficha 42 | Presente en lista clásica Pena/Calaméo nº 46.
tra-neda-castro-de-viladonelle	Castro de Viladonelle	Castro de Viladonelle; Monte da Croa; San Andrés de Viladonelle; Viladonelle	Neda	Viladonelle	Monte da Croa	trasancos_estricto		official_uncoded_castro	medium_high	official_catalog_uncoded	desconocido	43.48519520	-8.12008030	point_from_source	Galipedia	train_positive_candidate	train		André Pena Graña, Narón un concello con historia de seu I, edición Calaméo 2010, lista Catalogación de Castros de Galicia; Galipedia; NNSS Neda / SIOTUGA y Plan Sectorial 2014	https://gl.wikipedia.org/wiki/Castro_de_Viladonelle; https://siotuga.xunta.gal/siotuga/documentos/urbanismo/NEDA/documents/0242ca004.pdf; https://www.calameo.com/books/00129295754f931ea1d4a	catálogo NNSS Neda, ficha 43 | Presente en lista clásica Pena/Calaméo nº 47.
tra-neda-castros	Castros		Neda	San Martiño de Neda		trasancos_estricto		official_uncoded_castro	medium_high	official_catalog_uncoded	desconocido			missing		needs_geocoding	review_only	Buscar/revisar coordenadas antes de crear tiles.	NNSS Neda / SIOTUGA y Plan Sectorial 2014	https://siotuga.xunta.gal/siotuga/documentos/urbanismo/NEDA/documents/0242ca004.pdf	Plan Sectorial 2014, TOP15055002; topónimo/yacimiento a comprobar
tra-neda-ga150554006	Castro do Petouzal	Castro do Petouzal; Petouzal	Neda	O Couto	O Couto	trasancos_estricto	GA150554006	web_catalog_candidate	medium	collaborative_catalog	Regular	43.50140574	-8.17839894	point_from_source	Patrimonio Galego	review_only	review_only	Reconciliar manualmente antes de usar como positivo fuerte.	Patrimonio Galego	https://patrimoniogalego.net/index.php/88357/2016/08/castro-do-petouzal/	Candidato procedente de catálogo web no reconciliado con la tabla oficial normalizada.
tra-neda-monte-de-rabadena	Monte de Rabadeña	Monte de Rabadeña	Neda	Santa María de Neda		trasancos_estricto		official_uncoded_castro	medium_high	official_catalog_uncoded	desconocido			missing		needs_geocoding	review_only	Buscar/revisar coordenadas antes de crear tiles.	NNSS Neda / SIOTUGA y Plan Sectorial 2014	https://siotuga.xunta.gal/siotuga/documentos/urbanismo/NEDA/documents/0242ca004.pdf	Plan Sectorial 2014, clave GA15055005; no sustituye al catálogo completo
tra-neda-santa-maria-de-neda	Castro de Santa María de Neda	Santa María de Neda	Neda	Santa María de Neda		trasancos_estricto		classical_catalog_reference	medium_low	classical_secondary_catalog	Desaparecido			missing		positive_damaged_review	review_only		André Pena Graña, Narón un concello con historia de seu I, edición Calaméo 2010, lista Catalogación de Castros de Galicia	https://www.calameo.com/books/00129295754f931ea1d4a	Entrada de la lista clásica Pena/Calaméo pendiente de reconciliación con catálogo oficial.
tra-san-sadurnino-a-croa-naraio	A Croa / Naraío	A Croa; A Croa / Naraío; A Croa, O Batán-Naraío; A Croa, O Batán-Naraío; Naraío; Naraío	San Sadurniño	Naraío		trasancos_estricto		toponymic_candidate	low	local_toponymic_hint	desconocido			missing		review_only	review_only	Contrastar con PXOM/Xunta antes de usar como positivo.	Fálame/Galipedia/O Noso Patrimonio	https://onosopatrimonio.blogspot.com/2011/07/castros-de-galiza-i.html	posible castro/topónimo bajo lectura muy débil; confirmar
tra-san-sadurnino-castro-da-croa-do-redo	Castro da Croa do Redo	A Croa do Redo; A Croa do Redo; Pico do Redo; Redo; Castro da Croa do Redo; Croa do Redo; Fálame de San Sadurniño - Castro do Redo; Lugar de Redo; Pico do Redo; Redo	San Sadurniño	Lamas	Lugar de Redo	trasancos_estricto	GA15076008	official_uncoded_castro	medium_high	official_catalog_uncoded	desconocido	43.54679590	-8.03469410	point_from_source	Galipedia	val_positive_candidate	val		André Pena Graña, Narón un concello con historia de seu I, edición Calaméo 2010, lista Catalogación de Castros de Galicia; Fálame de San Sadurniño; Fálame/Galipedia/O Noso Patrimonio; Galipedia; NNSS San Sadurniño / SIOTUGA, catálogo complementario	http://www.falamedesansadurnino.org/imaxe/castro-do-redo/; https://falamedesansadurnino.org/imaxe/castro-do-redo/; https://gl.wikipedia.org/wiki/Castro_da_Croa_do_Redo; https://siotuga.xunta.gal/siotuga/documentos/urbanismo/SANSADURNINO/documents/0355ca001.pdf; https://www.calameo.com/books/00129295754f931ea1d4a; https://www.falamedesansadurnino.org/imaxe/castro-do-redo/	OCR lee Retío; Fálame/Galipedia leen Redo | Presente en lista clásica Pena/Calaméo nº 73. | parte del sistema de cinco castros del Val do Xuvia
tra-san-sadurnino-castro-da-croa-ou-castro-de-rupiallo	Castro da Croa ou Castro de Rupiallo	A Croa; Castro da Croa; Castro da Croa ou Castro de Rupiallo; Castro de Rupiallo; Croa ou Castro de Rupiallo; Fálame de San Sadurniño - Castro de Rupiallo; Lugar de Rupiallo; Rupiallo	San Sadurniño	San Sadurniño	Lugar de Rupiallo	trasancos_estricto	GA15076009	official_uncoded_castro	medium_high	official_catalog_uncoded	Regular	43.53704092	-8.08040294	point_from_source	Patrimonio Galego	val_positive_candidate	val		Fálame de San Sadurniño; Fálame/Galipedia/O Noso Patrimonio; Galipedia; NNSS San Sadurniño / SIOTUGA, catálogo complementario; Patrimonio Galego	http://www.falamedesansadurnino.org/imaxe/castro-de-rupiallo/; https://falamedesansadurnino.org/imaxe/castro-de-rupiallo/; https://gl.wikipedia.org/wiki/Castro_de_Rupiallo; https://patrimoniogalego.net/index.php/98903/2018/02/castro-de-rupiallo/; https://siotuga.xunta.gal/siotuga/documentos/urbanismo/SANSADURNINO/documents/0355ca001.pdf; https://www.falamedesansadurnino.org/imaxe/castro-de-rupiallo/	catálogo NNSS San Sadurniño | flanco suroeste del sistema; junto a A Portela | 2 coordenadas candidatas en fuentes; se eligió Patrimonio Galego por prioridad.
tra-san-sadurnino-castro-das-croas	Castro das Croas	Carballo; Castro das Croas; Lugar de Carballo	San Sadurniño	San Sadurniño	Lugar de Carballo	trasancos_estricto		official_uncoded_castro	medium_high	official_catalog_uncoded	desconocido			missing		needs_geocoding	review_only	Buscar/revisar coordenadas antes de crear tiles.	André Pena Graña, Narón un concello con historia de seu I, edición Calaméo 2010, lista Catalogación de Castros de Galicia; NNSS San Sadurniño / SIOTUGA, catálogo complementario	https://siotuga.xunta.gal/siotuga/documentos/urbanismo/SANSADURNINO/documents/0355ca001.pdf; https://www.calameo.com/books/00129295754f931ea1d4a	equivalente probable al Castro de San Sadurniño | Presente en lista clásica Pena/Calaméo nº 68.
tra-san-sadurnino-castro-de-castrelo	Castro de Castrelo	Castrelo; Castrelo (San Sadurniño; Castro de Castrelo; Castro de Castrelo (San Sadurniño; Fálame de San Sadurniño - Castro de Castrelo; Lugar de Castrelo; O Castro; O Castro ou Castrelo; Penacastrelo	San Sadurniño	Monte	Lugar de Castrelo	trasancos_estricto	GA15076003	official_uncoded_castro	medium_high	official_catalog_uncoded	desconocido	43.58368750	-8.07517670	point_from_source	Galipedia	val_positive_candidate	val		André Pena Graña, Narón un concello con historia de seu I, edición Calaméo 2010, lista Catalogación de Castros de Galicia; Fálame de San Sadurniño; Fálame/Galipedia/O Noso Patrimonio; Galipedia; NNSS San Sadurniño / SIOTUGA, catálogo complementario	http://www.falamedesansadurnino.org/imaxe/castro-de-castrelo/; https://falamedesansadurnino.org/imaxe/castro-de-castrelo/; https://gl.wikipedia.org/wiki/Castro_de_Castrelo_(San_Sadurni%C3%B1o); https://gl.wikipedia.org/wiki/Castros_da_provincia_da_Coru%C3%B1a; https://siotuga.xunta.gal/siotuga/documentos/urbanismo/SANSADURNINO/documents/0355ca001.pdf; https://www.calameo.com/books/00129295754f931ea1d4a; https://www.falamedesansadurnino.org/imaxe/castro-de-castrelo/	catálogo NNSS San Sadurniño | Presente en lista clásica Pena/Calaméo nº 69. | Presente en lista clásica Pena/Calaméo nº 70. | apoyo norte; deteriorado; fuente en Fálame y Ateneo 1987 | solo pista nominal Galipedia/O Noso Patrimonio; confirmar
tra-san-sadurnino-castro-de-croas-de-ramil	Castro de Croas de Ramil	As Croas de Ramil; Castro de Croas de Ramil; Croas de Ramil; Lugar de Ramil; Ramil	San Sadurniño	Lamas	Lugar de Ramil	trasancos_estricto		official_uncoded_castro	medium_high	official_catalog_uncoded	desconocido	43.54115390	-8.04215600	point_from_source	Galipedia	val_positive_candidate	val		André Pena Graña, Narón un concello con historia de seu I, edición Calaméo 2010, lista Catalogación de Castros de Galicia; Fálame/Galipedia/O Noso Patrimonio; Galipedia; NNSS San Sadurniño / SIOTUGA, catálogo complementario	https://gl.wikipedia.org/wiki/Castro_de_Croas_de_Ramil; https://siotuga.xunta.gal/siotuga/documentos/urbanismo/SANSADURNINO/documents/0355ca001.pdf; https://www.calameo.com/books/00129295754f931ea1d4a; https://www.falamedesansadurnino.org/tag/castros	catálogo NNSS San Sadurniño | Presente en lista clásica Pena/Calaméo nº 72. | flanco sureste del sistema según Fálame
tra-san-sadurnino-castro-de-riboira	Castro de Riboira	Castro de Riboira; Fálame de San Sadurniño - O castro de Riboira; Lugar de Riboira; O castro de Riboira; Riboira	San Sadurniño	Lamas	Lugar de Riboira	trasancos_estricto	GA15076007	official_uncoded_castro	medium_high	official_catalog_uncoded	Regular	43.54346474	-8.05528846	point_from_source	Patrimonio Galego	val_positive_candidate	val		André Pena Graña, Narón un concello con historia de seu I, edición Calaméo 2010, lista Catalogación de Castros de Galicia; Fálame de San Sadurniño; Fálame/Galipedia/O Noso Patrimonio; Galipedia; NNSS San Sadurniño / SIOTUGA, catálogo complementario; Patrimonio Galego	http://www.falamedesansadurnino.org/imaxe/o-castro-de-riboira/; https://falamedesansadurnino.org/imaxe/o-castro-de-riboira/; https://gl.wikipedia.org/wiki/Castro_de_Riboira; https://patrimoniogalego.net/index.php/98990/2018/03/castro-de-riboira/; https://siotuga.xunta.gal/siotuga/documentos/urbanismo/SANSADURNINO/documents/0355ca001.pdf; https://www.calameo.com/books/00129295754f931ea1d4a; https://www.falamedesansadurnino.org/imaxe/o-castro-de-riboira/	catálogo NNSS San Sadurniño | Presente en lista clásica Pena/Calaméo nº 67. | parte del sistema de cinco castros del Val do Xuvia | 2 coordenadas candidatas en fuentes; se eligió Patrimonio Galego por prioridad.
tra-san-sadurnino-coto-da-croa-ou-a-croa-do-castro	Coto da Croa ou A Croa do Castro	A Croa do Castro; Coto da Croa; Coto da Croa ou A Croa do Castro; Lugar de Castro; O Castro; O Castro Igrexafeita	San Sadurniño	Bardaos	Lugar de Castro	trasancos_estricto		official_uncoded_castro	medium_high	official_catalog_uncoded	desconocido			missing		needs_geocoding	review_only	Buscar/revisar coordenadas antes de crear tiles.	Fálame/Galipedia/O Noso Patrimonio; Galipedia; NNSS San Sadurniño / SIOTUGA, catálogo complementario	https://gl.wikipedia.org/wiki/Coto_da_Croa; https://onosopatrimonio.blogspot.com/2011/07/castros-de-galiza-i.html; https://siotuga.xunta.gal/siotuga/documentos/urbanismo/SANSADURNINO/documents/0355ca001.pdf	catálogo NNSS San Sadurniño | solo pista nominal O Noso Patrimonio; confirmar
tra-san-sadurnino-coto-da-croa-ou-a-croa-do-castro-2	Coto da Croa ou A Croa do Castro	A Croa do Castro; Coto da Croa; Coto da Croa ou A Croa do Castro; Lugar de Castrelo	San Sadurniño	Monte	Lugar de Castrelo	trasancos_estricto		official_uncoded_castro	medium_high	official_catalog_uncoded	desconocido	43.57785460	-8.03303110	point_from_source	Galipedia	val_positive_candidate	val		NNSS San Sadurniño / SIOTUGA, catálogo complementario	https://siotuga.xunta.gal/siotuga/documentos/urbanismo/SANSADURNINO/documents/0355ca001.pdf	posible Escoitadoira/A Croa do Castro; distinguir de Bardaos
tra-san-sadurnino-cruceiro-do-castro-de-cores	Cruceiro do Castro de Cores	Cruceiro do Castro de Cores	San Sadurniño	Cores (San Martiño)	O Castro	trasancos_estricto		web_catalog_candidate	medium	collaborative_catalog	Bo	43.27205992	-8.87574911	point_from_source	Patrimonio Galego	review_only	review_only	Reconciliar manualmente antes de usar como positivo fuerte.	Patrimonio Galego	https://patrimoniogalego.net/index.php/64290/2014/09/cruceiro-do-castro-de-cores/	Candidato procedente de catálogo web no reconciliado con la tabla oficial normalizada.
tra-san-sadurnino-fervenza-do-rio-castro	Fervenza do río Castro	Fervenza do río Castro	San Sadurniño	Santa María de Narahío	Castelo-Narahío	trasancos_estricto		web_catalog_candidate	medium	collaborative_catalog	Moi bo	43.49401840	-8.06102514	point_from_source	Patrimonio Galego	review_only	review_only	Reconciliar manualmente antes de usar como positivo fuerte.	Patrimonio Galego	https://patrimoniogalego.net/index.php/57242/2014/03/fervenza-do-rio-castro/	Candidato procedente de catálogo web no reconciliado con la tabla oficial normalizada.
tra-san-sadurnino-fraga	Castro de Fraga	Fraga	San Sadurniño	Santa María de Bardaos		trasancos_estricto		classical_catalog_reference	medium_low	classical_secondary_catalog	desconocido			missing		needs_geocoding	review_only		André Pena Graña, Narón un concello con historia de seu I, edición Calaméo 2010, lista Catalogación de Castros de Galicia	https://www.calameo.com/books/00129295754f931ea1d4a	Entrada de la lista clásica Pena/Calaméo pendiente de reconciliación con catálogo oficial.
tra-san-sadurnino-ga15076004	Escoitadoira	A Croa do Castro; A Croa do Castro?; Castro da Escoitadoira; Castro da Escoitadoira; Escoitadoira	San Sadurniño	Santa Mariña do Monte / Escoitadora		trasancos_estricto	GA15076004	toponymic_candidate	low	local_toponymic_hint	desconocido			missing		review_only	review_only	Contrastar con PXOM/Xunta antes de usar como positivo.	Fálame/Galipedia/O Noso Patrimonio	https://www.falamedesansadurnino.org/imaxe/castro-da-escoitadoira/	apoyo norte; vigilancia/control visual; deteriorado por eucaliptos y silvas
tra-san-sadurnino-ga15076005	Bardaos	Bardaos; Coto da Croa; Coto da Croa; Coto do Castro; O castro de Bardaos; Coto do Castro; O castro de Bardaos	San Sadurniño	Bardaos / Castro		trasancos_estricto	GA15076005	toponymic_candidate	low	local_toponymic_hint	desconocido			missing		review_only	review_only	Contrastar con PXOM/Xunta antes de usar como positivo.	Fálame/Galipedia/O Noso Patrimonio	https://www.falamedesansadurnino.org/imaxe/o-castro-de-bardaos/	apoyo norte; topónimos Castro, Croa, Muíño do Castro; posible centro agrogandeiro
tra-san-sadurnino-ga15076006	Castro de San Sadurniño	As Croas; Castro de San Sadurniño; Croa do Castro; Croa do Castro; As Croas; Fálame de San Sadurniño - Castro da Escoitadoira; Fálame de San Sadurniño - O castro de Bardaos; Fálame de San Sadurniño - O castro de San Sadurniño; San Sadurniño	San Sadurniño	Lamas / Carballo		trasancos_estricto	GA15076006	toponymic_candidate	low	local_toponymic_hint	desconocido	43.54346750	-8.06533830	point_from_source	Galipedia	review_only	review_only	Contrastar con PXOM/Xunta antes de usar como positivo.	Fálame de San Sadurniño; Fálame/Galipedia/O Noso Patrimonio; Galipedia	http://www.falamedesansadurnino.org/imaxe/o-castro-de-bardaos/; http://www.falamedesansadurnino.org/imaxe/o-castro-de-san-sadurnino//; https://falamedesansadurnino.org/imaxe/castro-da-escoitadoira/; https://falamedesansadurnino.org/imaxe/o-castro-de-bardaos/; https://falamedesansadurnino.org/imaxe/o-castro-de-san-sadurnino/; https://gl.wikipedia.org/wiki/Castro_de_San_Sadurni%C3%B1o; https://www.falamedesansadurnino.org/imaxe/castro-da-escoitadoira/; https://www.falamedesansadurnino.org/imaxe/o-castro-de-bardaos/; https://www.falamedesansadurnino.org/imaxe/o-castro-de-san-sadurnino/	central del sistema del Val do Xuvia; torque de oro, fíbulas, cerámica, muros; tradición Loureana
tra-san-sadurnino-o-picho	O Picho	O Picho	San Sadurniño	San Sadurniño		trasancos_estricto		toponymic_candidate	low	local_toponymic_hint	desconocido			missing		review_only	review_only	Contrastar con PXOM/Xunta antes de usar como positivo.	Fálame/Galipedia/O Noso Patrimonio	https://onosopatrimonio.blogspot.com/2011/07/castros-de-galiza-i.html	solo lista nominal débil
tra-san-sadurnino-san-cristobal	Castro de San Cristóbal	San Cristóbal	San Sadurniño	Santa María de San Sadurniño		trasancos_estricto		classical_catalog_reference	medium_low	classical_secondary_catalog	desconocido			missing		needs_geocoding	review_only		André Pena Graña, Narón un concello con historia de seu I, edición Calaméo 2010, lista Catalogación de Castros de Galicia	https://www.calameo.com/books/00129295754f931ea1d4a	Entrada de la lista clásica Pena/Calaméo pendiente de reconciliación con catálogo oficial.
tra-san-sadurnino-tralocastro	Tralocastro	Tralocastro	San Sadurniño	San Xiao de Lamas		trasancos_estricto		classical_catalog_reference	medium_low	classical_secondary_catalog	Desaparecido			missing		positive_damaged_review	review_only		André Pena Graña, Narón un concello con historia de seu I, edición Calaméo 2010, lista Catalogación de Castros de Galicia	https://www.calameo.com/books/00129295754f931ea1d4a	Entrada de la lista clásica Pena/Calaméo pendiente de reconciliación con catálogo oficial.
tra-valdovino-as-filgueiras	Castro de As Filgueiras	As Filgueiras	Valdoviño	San Vicente de Meirás		trasancos_estricto		classical_catalog_reference	medium_low	classical_secondary_catalog	desconocido			missing		needs_geocoding	review_only		André Pena Graña, Narón un concello con historia de seu I, edición Calaméo 2010, lista Catalogación de Castros de Galicia	https://www.calameo.com/books/00129295754f931ea1d4a	Entrada de la lista clásica Pena/Calaméo pendiente de reconciliación con catálogo oficial.
tra-valdovino-castro-de-punta-castrelo	Castro de Punta Castrelo	Castro de Punta Castrelo; Punta Castrelo	Valdoviño	Santiago de Pantín	Punta Castrelo	trasancos_estricto		web_catalog_candidate	medium	local_catalog	desconocido	43.66066100	-8.09130700	point_from_source	Artabro	review_only	review_only	Reconciliar manualmente antes de usar como positivo fuerte.	Artabro	http://www.artabro.es/node67.html	Candidato procedente de catálogo web no reconciliado con la tabla oficial normalizada.
tra-valdovino-castro-de-punta-do-bico	Castro de Punta do Bico	Castro de Punta do Bico; Punta do Bico	Valdoviño	Sta. Eulalia de Valdoviñ	Punta do Bico	trasancos_estricto		web_catalog_candidate	medium	local_catalog	desconocido	43.62250000	-8.14770000	point_from_source	Artabro	review_only	review_only	Reconciliar manualmente antes de usar como positivo fuerte.	Artabro	http://www.artabro.es/node64.html	Candidato procedente de catálogo web no reconciliado con la tabla oficial normalizada.
tra-valdovino-castro-de-rodo	Castro de Rodo	Castro de Rodo; Rodo	Valdoviño	Santiago de Pantín	Chao da Gabeira, Porto Carrizo	trasancos_estricto		web_catalog_candidate	medium	local_catalog	desconocido	43.64416600	-8.11055500	point_from_source	Artabro	review_only	review_only	Reconciliar manualmente antes de usar como positivo fuerte.	Artabro	http://www.artabro.es/node51.html	Candidato procedente de catálogo web no reconciliado con la tabla oficial normalizada.
tra-valdovino-castro-de-santo-tomas	Castro de Santo Tomás	Castro de Santo Tomás; Santo Tomás	Valdoviño			trasancos_estricto		web_catalog_candidate	medium_low	wikimedia_category	desconocido	43.59203000	-8.18717000	point_from_source	Galipedia	review_only	review_only	Reconciliar manualmente antes de usar como positivo fuerte.	Galipedia	https://gl.wikipedia.org/wiki/Castro_de_Santo_Tom%C3%A1s	Candidato procedente de catálogo web no reconciliado con la tabla oficial normalizada.
tra-valdovino-castro-de-villarrube	Castro de Villarrube	Castro de Villarrube; Villarrube	Valdoviño	S. Martín de Villarrube	Coto del castro	trasancos_estricto		web_catalog_candidate	medium	local_catalog	desconocido	43.62611100	-8.06611100	point_from_source	Artabro	review_only	review_only	Reconciliar manualmente antes de usar como positivo fuerte.	Artabro	http://www.artabro.es/node48.html	Candidato procedente de catálogo web no reconciliado con la tabla oficial normalizada.
tra-valdovino-fradigas	Castro de Frádigas	Castro de Frádigas; Frádigas	Valdoviño	Santiago de Pantín		trasancos_estricto		classical_catalog_reference	medium_low	classical_secondary_catalog	desconocido	43.63694400	-8.08694400	point_from_source	Artabro	review_only	review_only		André Pena Graña, Narón un concello con historia de seu I, edición Calaméo 2010, lista Catalogación de Castros de Galicia; Artabro; Galipedia	http://www.artabro.es/node49.html; https://gl.wikipedia.org/wiki/Castro_de_Fr%C3%A1digas; https://www.calameo.com/books/00129295754f931ea1d4a	Entrada de la lista clásica Pena/Calaméo pendiente de reconciliación con catálogo oficial. | 2 coordenadas candidatas en fuentes; se eligió Artabro por prioridad.
tra-valdovino-ga15087001	Castro de Punta Taraza	Castro de Lavacerido; Castro de Punta Taraza; Lavacerido; Punta Taraza; Taraza	Valdoviño	Meirás	Lavacerido	trasancos_estricto	GA15087001	official_castro	high	official_catalog	desconocido	43.60166600	-8.19888800	point_from_source	Artabro	train_positive_candidate	train		André Pena Graña, Narón un concello con historia de seu I, edición Calaméo 2010, lista Catalogación de Castros de Galicia; Artabro; Concello de Valdoviño, Modificación Puntual nº 13, información patrimonial; Galipedia	http://www.artabro.es/node59.html; https://gl.wikipedia.org/wiki/Castro_de_Lavacerido; https://www.calameo.com/books/00129295754f931ea1d4a; https://www.concellodevaldovino.com/arquivo/sites/all/themes/valbartik/doc/13/0102.pdf	tabla ID_IPAGA 2021 | Presente en lista clásica Pena/Calaméo nº 52. | 2 coordenadas candidatas en fuentes; se eligió Artabro por prioridad.
tra-valdovino-ga15087002	O Castrillón	Castrillón; Castro de Castrillón; O Castrillón; Riobó	Valdoviño	Meirás	Riobó	trasancos_estricto	GA15087002	official_castro	high	official_catalog	desconocido	43.57555500	-8.19638800	point_from_source	Artabro	train_positive_candidate	train		Artabro; Concello de Valdoviño, Modificación Puntual nº 13, información patrimonial; Galipedia	http://www.artabro.es/node43.html; https://gl.wikipedia.org/wiki/Castro_de_Castrill%C3%B3n; https://www.concellodevaldovino.com/arquivo/sites/all/themes/valbartik/doc/13/0102.pdf	tabla ID_IPAGA 2021 | 2 coordenadas candidatas en fuentes; se eligió Artabro por prioridad.
tra-valdovino-ga15087003	Castro de Coto Redondo	A Gabeira; Castro de Coto Redondo; Coto Redondo	Valdoviño	Pantín	A Gabeira	trasancos_estricto	GA15087003	official_castro	high	official_catalog	desconocido			missing		needs_geocoding	review_only	Buscar/revisar coordenadas antes de crear tiles.	André Pena Graña, Narón un concello con historia de seu I, edición Calaméo 2010, lista Catalogación de Castros de Galicia; Concello de Valdoviño, Modificación Puntual nº 13, información patrimonial	https://www.calameo.com/books/00129295754f931ea1d4a; https://www.concellodevaldovino.com/arquivo/sites/all/themes/valbartik/doc/13/0102.pdf	tabla ID_IPAGA 2021 | Presente en lista clásica Pena/Calaméo nº 53.
tra-valdovino-ga15087004	Castro de Lagoa	Castro da Lagoa; Castro de Lago; Castro de Lagoa; Lago; Lagoa; O Castro	Valdoviño	Pantín	O Castro	trasancos_estricto	GA15087004	official_castro	high	official_catalog	desconocido	43.63166600	-8.11944400	point_from_source	Artabro	train_positive_candidate	train		Artabro; Concello de Valdoviño, Modificación Puntual nº 13, información patrimonial; Galipedia	http://www.artabro.es/node53.html; http://www.artabro.es/node56.html; https://gl.wikipedia.org/wiki/Castro_da_Lagoa; https://gl.wikipedia.org/wiki/Castro_de_Lago; https://www.concellodevaldovino.com/arquivo/sites/all/themes/valbartik/doc/13/0102.pdf	tabla ID_IPAGA 2021 | 4 coordenadas candidatas en fuentes; se eligió Artabro por prioridad.
tra-valdovino-ga15087005	Os Castros	A Loira; Castro de Loira; Castro de Loiravella; Loira; Loiravella; Os Castros	Valdoviño	Pantín	A Loira	trasancos_estricto	GA15087005	official_castro	high	official_catalog	desconocido	43.63972200	-8.09361100	point_from_source	Artabro	train_positive_candidate	train		André Pena Graña, Narón un concello con historia de seu I, edición Calaméo 2010, lista Catalogación de Castros de Galicia; Artabro; Concello de Valdoviño, Modificación Puntual nº 13, información patrimonial; Galipedia	http://www.artabro.es/node50.html; http://www.artabro.es/node66.html; https://gl.wikipedia.org/wiki/Castro_de_Loira; https://gl.wikipedia.org/wiki/Castro_de_Loiravella; https://www.calameo.com/books/00129295754f931ea1d4a; https://www.concellodevaldovino.com/arquivo/sites/all/themes/valbartik/doc/13/0102.pdf	tabla ID_IPAGA 2021 | Presente en lista clásica Pena/Calaméo nº 55. | 4 coordenadas candidatas en fuentes; se eligió Artabro por prioridad.
tra-valdovino-ga15087006	Castro de Vilarrube / Os Castros de Ferreirías	Castro de Vilarrube; Castro de Vilarrube / Os Castros de Ferreirías; Frádegas; Os Castros de Ferreirías; Vilarrube; Vilarrube / Os Castros de Ferreirías	Valdoviño	Pantín	Frádegas	trasancos_estricto	GA15087006	official_castro	high	official_catalog	desconocido	43.62602800	-8.06598600	point_from_source	Galipedia	train_positive_candidate	train		Concello de Valdoviño, Modificación Puntual nº 13, información patrimonial; Galipedia	https://gl.wikipedia.org/wiki/Castro_de_Vilarrube; https://www.concellodevaldovino.com/arquivo/sites/all/themes/valbartik/doc/13/0102.pdf	tabla ID_IPAGA 2021
tra-valdovino-ga15087007	Castro de Casianes	Casianes; Castro de Casianes	Valdoviño	Pantín	Casianes	trasancos_estricto	GA15087007	official_castro	high	official_catalog	Desaparecido	43.63416600	-8.09888800	point_from_source	Artabro	positive_damaged_review	review_only		André Pena Graña, Narón un concello con historia de seu I, edición Calaméo 2010, lista Catalogación de Castros de Galicia; Artabro; Concello de Valdoviño, Modificación Puntual nº 13, información patrimonial; Galipedia	http://www.artabro.es/node52.html; https://gl.wikipedia.org/wiki/Castro_de_Casianes; https://www.calameo.com/books/00129295754f931ea1d4a; https://www.concellodevaldovino.com/arquivo/sites/all/themes/valbartik/doc/13/0102.pdf	tabla ID_IPAGA 2021 | Presente en lista clásica Pena/Calaméo nº 54. | 2 coordenadas candidatas en fuentes; se eligió Artabro por prioridad.
tra-valdovino-ga15087008	Castro	A Escola	Valdoviño	Vilarrube	A Escola	trasancos_estricto	GA15087008	official_castro	high	official_catalog	Desaparecido			missing		positive_damaged_review	review_only	Buscar/revisar coordenadas antes de crear tiles.	André Pena Graña, Narón un concello con historia de seu I, edición Calaméo 2010, lista Catalogación de Castros de Galicia; Concello de Valdoviño, Modificación Puntual nº 13, información patrimonial	https://www.calameo.com/books/00129295754f931ea1d4a; https://www.concellodevaldovino.com/arquivo/sites/all/themes/valbartik/doc/13/0102.pdf	tabla ID_IPAGA 2021 | Presente en lista clásica Pena/Calaméo nº 58. | Presente en lista clásica Pena/Calaméo nº 60. | Presente en lista clásica Pena/Calaméo nº 63.
tra-valdovino-ga15087009	Castro de Punta Frouxeira	A Saíña; Castro da Frouxeira; Castro de Frouxeira; Castro de Punta Frouxeira; Frouxeira; Punta Frouxeira	Valdoviño	Valdoviño	A Saíña	trasancos_estricto	GA15087009	official_castro	high	official_catalog	desconocido	43.61851000	-8.14900400	point_from_source	Artabro	train_positive_candidate	train		Artabro; Concello de Valdoviño, Modificación Puntual nº 13, información patrimonial; Galipedia	http://www.artabro.es/node54.html; https://gl.wikipedia.org/wiki/Castro_da_Frouxeira; https://www.concellodevaldovino.com/arquivo/sites/all/themes/valbartik/doc/13/0102.pdf	tabla ID_IPAGA 2021 | 2 coordenadas candidatas en fuentes; se eligió Artabro por prioridad.
tra-valdovino-ga15087010	Castro de Poulo	Castro de Poulo; Piñeiros; Poulo	Valdoviño	Valdoviño	Piñeiros	trasancos_estricto	GA15087010	official_castro	high	official_catalog	desconocido	43.60416500	-8.14277800	point_from_source	Artabro	train_positive_candidate	train		André Pena Graña, Narón un concello con historia de seu I, edición Calaméo 2010, lista Catalogación de Castros de Galicia; Artabro; Concello de Valdoviño, Modificación Puntual nº 13, información patrimonial; Galipedia	http://www.artabro.es/node55.html; https://gl.wikipedia.org/wiki/Castro_de_Poulo; https://www.calameo.com/books/00129295754f931ea1d4a; https://www.concellodevaldovino.com/arquivo/sites/all/themes/valbartik/doc/13/0102.pdf	tabla ID_IPAGA 2021 | Presente en lista clásica Pena/Calaméo nº 51. | 2 coordenadas candidatas en fuentes; se eligió Artabro por prioridad.
tra-valdovino-ga15087011	O Castro	O Castro	Valdoviño	Lago	O Castro	trasancos_estricto	GA15087011	official_castro	high	official_catalog	desconocido			missing		needs_geocoding	review_only	Buscar/revisar coordenadas antes de crear tiles.	Concello de Valdoviño, Modificación Puntual nº 13, información patrimonial	https://www.concellodevaldovino.com/arquivo/sites/all/themes/valbartik/doc/13/0102.pdf	tabla ID_IPAGA 2021
tra-valdovino-ga15087012	Castro de Aviño	As Casas Novas; Aviño; Castro de Aviño	Valdoviño	Valdoviño	As Casas Novas	trasancos_estricto	GA15087012	official_castro	high	official_catalog	desconocido			missing		needs_geocoding	review_only	Buscar/revisar coordenadas antes de crear tiles.	André Pena Graña, Narón un concello con historia de seu I, edición Calaméo 2010, lista Catalogación de Castros de Galicia; Concello de Valdoviño, Modificación Puntual nº 13, información patrimonial	https://www.calameo.com/books/00129295754f931ea1d4a; https://www.concellodevaldovino.com/arquivo/sites/all/themes/valbartik/doc/13/0102.pdf	tabla ID_IPAGA 2021 | Presente en lista clásica Pena/Calaméo nº 49.
tra-valdovino-ga15087013	Castro de Crecente	A Furada; Castro de Crecente; Crecente	Valdoviño	Loira	A Furada	trasancos_estricto	GA15087013	official_castro	high	official_catalog	desconocido	43.59638800	-8.09333300	point_from_source	Artabro	train_positive_candidate	train		André Pena Graña, Narón un concello con historia de seu I, edición Calaméo 2010, lista Catalogación de Castros de Galicia; Artabro; Concello de Valdoviño, Modificación Puntual nº 13, información patrimonial; Galipedia	http://www.artabro.es/node46.html; https://gl.wikipedia.org/wiki/Castro_de_Crecente; https://www.calameo.com/books/00129295754f931ea1d4a; https://www.concellodevaldovino.com/arquivo/sites/all/themes/valbartik/doc/13/0102.pdf	tabla ID_IPAGA 2021 | Presente en lista clásica Pena/Calaméo nº 50. | 2 coordenadas candidatas en fuentes; se eligió Artabro por prioridad.
tra-valdovino-ga15087014	Castro de Vidueiros	Castro de Vidueiros; Morgadelle; Vidueiros	Valdoviño	Vilaboa	Morgadelle	trasancos_estricto	GA15087014	official_castro	high	official_catalog	desconocido	43.59805500	-8.04805500	point_from_source	Artabro	train_positive_candidate	train		André Pena Graña, Narón un concello con historia de seu I, edición Calaméo 2010, lista Catalogación de Castros de Galicia; Artabro; Concello de Valdoviño, Modificación Puntual nº 13, información patrimonial; Galipedia	http://www.artabro.es/node47.html; https://gl.wikipedia.org/wiki/Castro_de_Vidueiros; https://www.calameo.com/books/00129295754f931ea1d4a; https://www.concellodevaldovino.com/arquivo/sites/all/themes/valbartik/doc/13/0102.pdf	tabla ID_IPAGA 2021 | Presente en lista clásica Pena/Calaméo nº 56. | 2 coordenadas candidatas en fuentes; se eligió Artabro por prioridad.
tra-valdovino-ga15087015	Castro de Lodeiro	Castro de Lodeiro; Lodeiro; O Lodeiro	Valdoviño	O Sequeiro	O Lodeiro	trasancos_estricto	GA15087015	official_castro	high	official_catalog	desconocido	43.57591800	-8.17005600	point_from_source	Artabro	train_positive_candidate	train		André Pena Graña, Narón un concello con historia de seu I, edición Calaméo 2010, lista Catalogación de Castros de Galicia; Artabro; Concello de Valdoviño, Modificación Puntual nº 13, información patrimonial; Galipedia	http://www.artabro.es/node57.html; https://gl.wikipedia.org/wiki/Castro_de_Lodeiro; https://www.calameo.com/books/00129295754f931ea1d4a; https://www.concellodevaldovino.com/arquivo/sites/all/themes/valbartik/doc/13/0102.pdf	tabla ID_IPAGA 2021 | Presente en lista clásica Pena/Calaméo nº 57. | 2 coordenadas candidatas en fuentes; se eligió Artabro por prioridad.
tra-valdovino-ga15087016	Castro de Carreira de Abaixo	A Mata; Carreira; Carreira de Abaixo; Carreira de abaixo; Castro de Carreira; Castro de Carreira de Abaixo	Valdoviño	O Sequeiro	A Mata	trasancos_estricto	GA15087016	official_castro	high	official_catalog	desconocido	43.55722200	-8.17555500	point_from_source	Artabro	train_positive_candidate	train		André Pena Graña, Narón un concello con historia de seu I, edición Calaméo 2010, lista Catalogación de Castros de Galicia; Artabro; Concello de Valdoviño, Modificación Puntual nº 13, información patrimonial; Galipedia	http://www.artabro.es/node44.html; https://gl.wikipedia.org/wiki/Castro_de_Carreira; https://www.calameo.com/books/00129295754f931ea1d4a; https://www.concellodevaldovino.com/arquivo/sites/all/themes/valbartik/doc/13/0102.pdf	tabla ID_IPAGA 2021 | Presente en lista clásica Pena/Calaméo nº 64. | 2 coordenadas candidatas en fuentes; se eligió Artabro por prioridad.
tra-valdovino-ga15087017	Puerto de Meirás	Lavacerido; Puerto de Meirás	Valdoviño	Meirás	Lavacerido	trasancos_estricto	GA15087017	official_castro	high	official_catalog	desconocido			missing		needs_geocoding	review_only	Buscar/revisar coordenadas antes de crear tiles.	Concello de Valdoviño, Modificación Puntual nº 13, información patrimonial	https://www.concellodevaldovino.com/arquivo/sites/all/themes/valbartik/doc/13/0102.pdf	tabla ID_IPAGA 2021
tra-valdovino-ga15087020	Zona arqueológica de la Iglesia y Castro Sto. Tomás de Taraza	Castro Sto. Tomás de Taraza; Castro de Sto. Tomás; Padín; Sto. Tomás; Zona arqueológica de la Iglesia; Zona arqueológica de la Iglesia y Castro Sto. Tomás de Taraza	Valdoviño	Meirás	Padín	trasancos_estricto	GA15087020	official_castro	high	official_catalog	desconocido	43.59222200	-8.18750000	point_from_source	Artabro	train_positive_candidate	train		Artabro; Concello de Valdoviño, Modificación Puntual nº 13, información patrimonial	http://www.artabro.es/node58.html; https://www.concellodevaldovino.com/arquivo/sites/all/themes/valbartik/doc/13/0102.pdf	tabla ID_IPAGA 2021
tra-valdovino-ga15087022	Castro de Punta do Vico	Castro de Punta do Vico; Postamaior; Punta do Vico	Valdoviño	Valdoviño	Postamaior	trasancos_estricto	GA15087022	official_castro	high	official_catalog	desconocido			missing		needs_geocoding	review_only	Buscar/revisar coordenadas antes de crear tiles.	Concello de Valdoviño, Modificación Puntual nº 13, información patrimonial	https://www.concellodevaldovino.com/arquivo/sites/all/themes/valbartik/doc/13/0102.pdf	tabla ID_IPAGA 2021
tra-valdovino-ga15087023	Castro y Mina do Pereiro	Castro de Pereiro; Castro y Mina do Pereiro; Mina do Pereiro; O Pereiro; Pereiro	Valdoviño	Valdoviño	O Pereiro	trasancos_estricto	GA15087023	official_castro	high	official_catalog	Desaparecido	43.61856900	-8.13495200	point_from_source	Artabro	positive_damaged_review	review_only		André Pena Graña, Narón un concello con historia de seu I, edición Calaméo 2010, lista Catalogación de Castros de Galicia; Artabro; Concello de Valdoviño, Modificación Puntual nº 13, información patrimonial; Galipedia	http://www.artabro.es/node60.html; https://gl.wikipedia.org/wiki/Castro_de_Pereiro; https://www.calameo.com/books/00129295754f931ea1d4a; https://www.concellodevaldovino.com/arquivo/sites/all/themes/valbartik/doc/13/0102.pdf	tabla ID_IPAGA 2021 | Presente en lista clásica Pena/Calaméo nº 62. | 2 coordenadas candidatas en fuentes; se eligió Artabro por prioridad.
tra-valdovino-ga15087024	Castro de Lousada	Castro de Lousada; Lousada	Valdoviño	Loira	Lousada	trasancos_estricto	GA15087024	official_castro	high	official_catalog	Bo	43.61918876	-8.08928626	point_from_source	Patrimonio Galego	train_positive_candidate	train		André Pena Graña, Narón un concello con historia de seu I, edición Calaméo 2010, lista Catalogación de Castros de Galicia; Artabro; Concello de Valdoviño, Modificación Puntual nº 13, información patrimonial; Galipedia; Patrimonio Galego	http://www.artabro.es/node61.html; https://gl.wikipedia.org/wiki/Castro_de_Lousada; https://patrimoniogalego.net/index.php/98897/2018/02/castro-de-lousada/; https://www.calameo.com/books/00129295754f931ea1d4a; https://www.concellodevaldovino.com/arquivo/sites/all/themes/valbartik/doc/13/0102.pdf	tabla ID_IPAGA 2021 | Presente en lista clásica Pena/Calaméo nº 65. | 3 coordenadas candidatas en fuentes; se eligió Patrimonio Galego por prioridad.
tra-valdovino-ga15087032	O Foro	A Espiñuda; As Casas Novas; Castro de Monte do Foro; Monte do Foro; O Foro	Valdoviño	Valdoviño	A Espiñuda | As Casas Novas	trasancos_estricto	GA15087032	official_castro	high	official_catalog	desconocido	43.58416600	-8.13305500	point_from_source	Artabro	train_positive_candidate	train		Artabro; Concello de Valdoviño, Modificación Puntual nº 13, información patrimonial; Galipedia	http://www.artabro.es/node45.html; https://gl.wikipedia.org/wiki/Castro_de_Monte_do_Foro; https://www.concellodevaldovino.com/arquivo/sites/all/themes/valbartik/doc/13/0102.pdf	tabla ID_IPAGA 2021 | 2 coordenadas candidatas en fuentes; se eligió Artabro por prioridad.
tra-valdovino-praia-frouxeira	Castro de Praia Frouxeira	Praia Frouxeira	Valdoviño	Santa Eulalia de Valdoviño		trasancos_estricto		classical_catalog_reference	medium_low	classical_secondary_catalog	desconocido			missing		needs_geocoding	review_only		André Pena Graña, Narón un concello con historia de seu I, edición Calaméo 2010, lista Catalogación de Castros de Galicia	https://www.calameo.com/books/00129295754f931ea1d4a	Entrada de la lista clásica Pena/Calaméo pendiente de reconciliación con catálogo oficial.
