sample_id	name	municipality	lon	lat
wl-pos-pos-es-pba-3443	Castro da Porta/Castro do Cruceiro da Porta	A Capela	-8.038523386590047	43.45780615212061
wl-pos-pos-es-pba-1653	Castro da Pastoriza	Arteixo	-8.47266878848073	43.33705885553321
wl-pos-pos-es-pba-1654	Castro das Croas	Arteixo	-8.552458325117492	43.293418763005434
wl-pos-pos-es-pba-1655	Castro das Penouqueiras	Arteixo	-8.501475321339006	43.304758583938984
wl-pos-pos-es-pba-1656	Castro de Canzobre/Castro/O Torreo	Arteixo	-8.462906954280546	43.27873628262458
wl-pos-pos-es-pba-1657	Castro de Castelo	Arteixo	-8.57589025405589	43.30150846198893
wl-pos-pos-es-pba-1683	Castro de Castelo	Arteixo	-8.55953634381912	43.30168479037971
wl-pos-pos-es-pba-1684	Castro de Castelo/Castrelo/O Galo	Arteixo	-8.533382865789074	43.29550629062512
wl-pos-pos-es-pba-1686	Castro de Figueroa/O Castro/O Petón	Arteixo	-8.515848273871253	43.31214962890052
wl-pos-pos-es-pba-1687	Castro de Freón/O Castro	Arteixo	-8.57861674913725	43.27226863206334
wl-pos-pos-es-pba-1688	Castro de Galán/Os Castros	Arteixo	-8.473170980552382	43.324240154142274
wl-pos-pos-es-pba-1689	Castro de Laxobre/Coto do Castro	Arteixo	-8.4916406640913	43.31313482730043
wl-pos-pos-es-pba-1690	Castro de Mirón/O Coto/Castro de Larín	Arteixo	-8.537014113021439	43.263445193930316
wl-pos-pos-es-pba-1717	Castro de Rañobre/Os Castros	Arteixo	-8.48896177864085	43.338027051261754
wl-pos-pos-es-pba-1721	Castro de Vioño	Arteixo	-8.559491742664465	43.30161757128638
wl-pos-pos-es-pba-1004	O Castro/Castro de Pregontoño	Arzúa	-8.184284798441235	42.923748097574325
wl-pos-pos-es-pba-1005	Os Castros/A Roda Grande	Arzúa	-8.20163574388288	42.867370902981655
wl-pos-pos-es-pba-1423	Corta do Castro	Arzúa	-8.149635562846235	42.95649594944168
wl-pos-pos-es-pba-1427	Couto de San Paio/Castro do Couto de San Paio	Arzúa	-8.085360855587588	42.92374291421805
wl-pos-pos-es-pba-1625	Castro de Rendal	Arzúa	-8.13248453062296	42.941527291968455
wl-pos-pos-es-pba-1626	Castro de Rourís	Arzúa	-8.199106939319584	42.93844941443578
wl-pos-pos-es-pba-1627	Castro de San Martiño	Arzúa	-8.221360847537085	42.97300360689521
wl-pos-pos-es-pba-1628	Castro de Soutullo	Arzúa	-8.205538110529485	42.90216648811996
wl-pos-pos-es-pba-1629	Castro de Torneiros	Arzúa	-8.138383184625786	42.97051747486079
wl-pos-pos-es-pba-1630	Castro de Viladavil	Arzúa	-8.153184616804369	42.95983925711286
wl-pos-pos-es-pba-1631	Castro de Vilantime	Arzúa	-8.114025120573316	42.898325891126944
wl-pos-pos-es-pba-1632	Castro do Monte Cornado/Monte do Castro	Arzúa	-8.22025243468072	42.895150445269934
wl-pos-pos-es-pba-1845	Castro da Modorra do Castro	Arzúa	-8.185531637507435	42.886907545461504
wl-pos-pos-es-pba-1846	Castro da Pena	Arzúa	-8.112037726417107	42.93728527948851
wl-pos-pos-es-pba-1875	Castro da Quenlla/Castro de Calvos	Arzúa	-8.211032657945555	42.96396956851777
wl-pos-pos-es-pba-1876	Castro da Roda de Barros	Arzúa	-8.123917057135005	42.90035780380301
wl-pos-pos-es-pba-1877	Castro de Branzá	Arzúa	-8.211880676447228	42.87284939120273
wl-pos-pos-es-pba-1880	Castro de Fraga	Arzúa	-8.291208298600086	42.94062251777634
wl-pos-pos-es-pba-2042	A Roda do Castro de Maroxo	Arzúa	-8.155592752906083	42.89258400171647
wl-pos-pos-es-pba-2068	A Roda/Castro da Roda	Arzúa	-8.225897863028623	42.99645185593424
wl-pos-pos-es-pba-2728	Castro das Medorras/Buazo	Boimorto	-8.176031653754505	43.020854501917505
wl-pos-pos-es-pba-2729	Castro de Brates/Castro do Pazo	Boimorto	-8.197646318228506	43.00803420007399
wl-pos-pos-es-pba-2730	Castro de Corredoiras	Boimorto	-8.101802741062313	43.014165476622594
wl-pos-pos-es-pba-2766	Castro de Pedral	Boimorto	-8.12843717104124	42.98809447582276
wl-pos-pos-es-pba-2768	Castro do Coto da Roda	Boimorto	-8.079489446446264	43.002415406391975
wl-pos-pos-es-pba-3038	O Castro	Boimorto	-8.129818127202999	43.003332971544125
wl-pos-pos-es-pba-2359	O Alto do Castro	Boiro	-8.87056354209174	42.66628707835391
wl-pos-pos-es-pba-2362	Os Petóns do Castro	Boiro	-8.902861308748225	42.67550116025448
wl-pos-pos-es-pba-2695	Castro de Sandrenzo/Agro do Monte	Boiro	-8.876063245368595	42.67210389506062
wl-pos-pos-es-pba-2696	Castro do Achadizo	Boiro	-8.886817342289984	42.61375452971967
wl-pos-pos-es-pba-2697	Castro do Coto da Amoreira	Boiro	-8.909342174764626	42.69354332032501
wl-pos-pos-es-pba-3276	Castro das Goritas	Boiro	-8.8653475919558	42.61895596753484
wl-pos-pos-es-pba-3277	Castro de Cures	Boiro	-8.892282806583239	42.69535977557864
wl-pos-pos-es-pba-6213	Muíños do Castro en Mallou	Carnota	-9.097562460319896	42.806995928836415
wl-pos-pos-es-pba-6457	Pombal do Castro	Carnota	-9.097268971777627	42.807023194689705
wl-pos-pos-es-pba-6521	Castro de Mallou	Carnota	-9.098277878134319	42.80525301165031
wl-pos-pos-es-pba-6522	Castro de Miñarzo/Castro de Lira	Carnota	-9.1320624018937	42.798370047948644
wl-pos-pos-es-pba-5666	Castro da Espenuca	Coirós	-8.15640665073043	43.263090060071086
wl-pos-pos-es-pba-7834	Castro de Alvedro	Culleredo	-8.369563377387458	43.30079166187374
wl-pos-pos-es-pba-7835	Castro de Cillobre	Culleredo	-8.38632730842828	43.28377830436878
wl-pos-pos-es-pba-7838	Castro de Socastro	Culleredo	-8.388977062262871	43.24859821058374
wl-pos-pos-es-pba-12685	Castelo de Fruíme/Castro da Casa dos Mouros	Lousame	-8.839627800071186	42.72864830272457
wl-pos-pos-es-pba-12686	Castelo de San Mamede/Castro do Outeiro dos Mouros	Lousame	-8.862304812682314	42.73204626584012
wl-pos-pos-es-pba-12713	Castro de Comparada	Lousame	-8.787062819795567	42.783407435184166
wl-pos-pos-es-pba-12714	Castro de Servia	Lousame	-8.792394144905778	42.78362234259226
wl-pos-pos-es-pba-12715	Castro do Couto de Vilaboa	Lousame	-8.905897336822598	42.75548928186687
wl-pos-pos-es-pba-12719	Coto do Castro	Lousame	-8.84611263032284	42.79259115547694
wl-pos-pos-es-pba-12887	Eiras do Castro	Lousame	-8.872936327080355	42.7739119418047
wl-pos-pos-es-pba-12891	Fábrica de papel do Castro	Lousame	-8.846426593735137	42.79030152542662
wl-pos-pos-es-pba-12290	O Castro/Castro de San Cosme	Melide	-8.033474110996979	42.894883546425504
wl-pos-pos-es-pba-12329	Penas de Castro Pedro	Melide	-8.004720276823724	42.96153613667154
wl-pos-pos-es-pba-12352	A Orela do Castro	Melide	-7.999842391799136	42.89792688371034
wl-pos-pos-es-pba-12423	Castro das Varelas	Melide	-8.077980579293584	42.89434769066139
wl-pos-pos-es-pba-12428	Castro de Moldes	Melide	-8.030495489344107	42.88588365084151
wl-pos-pos-es-pba-14239	A Croa do castro/Castro Lampreeiro	Noia	-8.854134310299587	42.82304815065222
wl-pos-pos-es-pba-16165	Vivenda no Castro	Noia	-8.851851294605396	42.822800132283916
wl-pos-pos-es-pba-16197	Xardíns de Felipe de Castro, San Francisco e Campo da Feira	Noia	-8.888155261253369	42.78500966614871
wl-pos-pos-es-pba-16318	Castro da Barquiña	Noia	-8.900779618176841	42.80211982825309
wl-pos-pos-es-pba-19538	Monte do Castro	Porto do Son	-9.024107794450458	42.6532477444251
wl-pos-pos-es-pba-19539	Monte do Castro	Porto do Son	-9.01969437377563	42.701680703766606
wl-pos-pos-es-pba-19752	Castro da Illa do Mar	Porto do Son	-9.042819275662838	42.66162672757733
wl-pos-pos-es-pba-19778	Castro da Lagoa	Porto do Son	-9.018130845965457	42.66681135251495
wl-pos-pos-es-pba-19781	Castro de Porto Nadelas/Castro Nadelas	Porto do Son	-9.04023178907196	42.669034313264476
wl-pos-pos-es-pba-19118	Castro da Cidá	Ribeira	-9.013737363443855	42.561106857458945
wl-pos-pos-es-pba-19119	Castro de Artes	Ribeira	-9.007695106791212	42.57198546099677
wl-pos-pos-es-pba-19120	Castro de Porto Baixo/Anquieiro	Ribeira	-9.034092144799382	42.54064135391185
wl-pos-pos-es-pba-19121	Castro do Monte Facho	Ribeira	-9.062510268344727	42.589966422789345
wl-pos-pos-es-pba-19122	Castro do Monte Taume	Ribeira	-9.04478516335952	42.603536832443986
wl-pos-pos-es-pba-23678	Castro de Lucí	Teo	-8.539546612314227	42.78426241343275
wl-pos-pos-es-pba-23679	Castro de Osebe	Teo	-8.551203304415992	42.813295954790895
wl-pos-pos-es-pba-23707	Castro de Pontevea	Teo	-8.550780591678352	42.76295146598194
wl-pos-pos-es-pba-23708	Castro de Rarís	Teo	-8.558827383578873	42.78156691919967
wl-pos-pos-es-pba-23709	Castro de Santa Marta	Teo	-8.531985350283096	42.76560048481851
wl-pos-pos-es-pba-23710	Castro de Socastro	Teo	-8.595452605772035	42.81736885364991
wl-pos-pos-es-pba-23711	Castro de Valiñas	Teo	-8.560356438183208	42.7608677599651
wl-pos-pos-es-pba-25364	Xacemento de Socastro	Teo	-8.593769396568801	42.81690224606091
wl-pos-pos-es-pba-26000	Castro de Ril	Vilasantar	-8.148462324364294	43.109907106952164
wl-pos-pos-es-pba-26002	Castro de Xemerás	Vilasantar	-8.08297355981635	43.08956573242018
wl-pos-pos-es-pba-26211	O Castro de Parrando	Vilasantar	-8.142646939928316	43.109144182297
wl-pos-pos-es-pba-26212	O Castro de Viladarcas	Vilasantar	-8.137573718815396	43.09293097400489
wl-pos-pos-es-pba-26214	Os Castros de Peteiro	Vilasantar	-8.070474974573816	43.10089841606947
wl-pos-pos-es-pba-26517	Castro de Estremil	Vilasantar	-8.131362020253231	43.09663880452052
wl-pos-pos-es-pba-26519	Castro de Gundín	Vilasantar	-8.066422809388207	43.0851232613213
wl-pos-pos-es-pba-26520	Castro de Liñares	Vilasantar	-8.06156559463057	43.07689832703069
wl-pos-pos-es-pba-36802	Castro da Mudia	A Pastoriza	-7.413696299220744	43.31583815971234
wl-pos-pos-es-pba-36803	Castro da Pastoriza	A Pastoriza	-7.351220383743163	43.3002140475158
wl-pos-pos-es-pba-36804	Castro da Pousada	A Pastoriza	-7.339026597402023	43.228684979185694
wl-pos-pos-es-pba-36805	Castro de Bretoña	A Pastoriza	-7.317372976086502	43.33709469594693
wl-pos-pos-es-pba-36806	Castro de Cerralleiro	A Pastoriza	-7.299205727700914	43.22626199243116
wl-pos-pos-es-pba-36807	Castro de Curro/A Croa	A Pastoriza	-7.304901024267309	43.24838261142126
wl-pos-pos-es-pba-36834	Castro de Rea de Cruz	A Pastoriza	-7.290518715894184	43.27397063638529
wl-pos-pos-es-pba-36835	Castro de Saa	A Pastoriza	-7.342071391899359	43.251913134370724
wl-pos-pos-es-pba-36836	Castro de Vián	A Pastoriza	-7.384903972140907	43.30840752439254
wl-pos-pos-es-pba-36916	Os Castros	A Pastoriza	-7.370374082743156	43.355303991130924
wl-pos-pos-es-pba-36917	Os Castros	A Pastoriza	-7.354981224235463	43.24082194927762
wl-pos-pos-es-pba-36918	Os Castros	A Pastoriza	-7.362996083203944	43.328182504148344
wl-pos-pos-es-pba-36919	Os Castros	A Pastoriza	-7.426819726092807	43.29273138893222
wl-pos-pos-es-pba-37003	A Croa de Seselle	A Pastoriza	-7.3317178294583885	43.31156278448667
wl-pos-pos-es-pba-37067	As Cortiñas do Castro	A Pastoriza	-7.359049026404282	43.26388583527934
wl-pos-pos-es-pba-26585	O Castro/O castro de Casavella	Abadín	-7.514104943904981	43.313594384301446
wl-pos-pos-es-pba-26587	Os Castros	Abadín	-7.503677956683233	43.358392136340775
wl-pos-pos-es-pba-26619	Sucastro	Abadín	-7.499356821121159	43.310578154558655
wl-pos-pos-es-pba-26860	Castro da Vesada/Os Castros	Abadín	-7.484006053193684	43.32886824655986
wl-pos-pos-es-pba-26861	Castro da Vesada/Os Castros	Abadín	-7.484172278805053	43.32906433248264
wl-pos-pos-es-pba-26886	Castro de Seivane	Abadín	-7.469592826457136	43.296028358224014
wl-pos-pos-es-pba-26887	Castro de Terraxís	Abadín	-7.500070668390689	43.28570620107394
wl-pos-pos-es-pba-28345	O Castro	Baleira	-7.1714750080982546	43.06934892779659
wl-pos-pos-es-pba-28346	O Castro	Baleira	-7.167489467877691	43.06256740153782
wl-pos-pos-es-pba-28347	O Castro	Baleira	-7.224878388877393	43.06653916539091
wl-pos-pos-es-pba-28378	Os Castros	Baleira	-7.27566572463632	43.10341788748866
wl-pos-pos-es-pba-28379	Os Castros de Perrelos	Baleira	-7.254613592416053	43.02172711946614
wl-pos-pos-es-pba-28380	Pena do Castro	Baleira	-7.186148132525615	43.020256240096195
wl-pos-pos-es-pba-28648	Capela da Virxe dos Remedios no Castro	Baleira	-7.224567954273565	43.06606606036145
wl-pos-pos-es-pba-28717	Castro de Antiguallas	Baleira	-7.135155416060859	42.992812134241795
wl-pos-pos-es-pba-28718	Castro de Eirexe	Baleira	-7.236450591394737	42.980407590448756
wl-pos-pos-es-pba-28723	Castro do Coroto	Baleira	-7.234931439570674	43.133868069179556
wl-pos-pos-es-pba-28389	Castro da Montaña da Agra	Becerreá	-7.141683080804829	42.87520629598956
wl-pos-pos-es-pba-28390	Castro de Becerreá	Becerreá	-7.150538665930359	42.85748922586882
wl-pos-pos-es-pba-28391	Castro de Cantiz	Becerreá	-7.117271793089535	42.90641877569441
wl-pos-pos-es-pba-28392	Castro de Castelmaría	Becerreá	-7.119485106389509	42.946975362641105
wl-pos-pos-es-pba-28393	Castro de Ferreiros 1	Becerreá	-7.181488295139242	42.81005828798957
wl-pos-pos-es-pba-28394	Castro de Ferreiros 2	Becerreá	-7.167958574367663	42.81098478817855
wl-pos-pos-es-pba-28421	Castro de Fontes	Becerreá	-7.191746208783889	42.88671988006889
wl-pos-pos-es-pba-28422	Castro de Guilfrei	Becerreá	-7.210804983702554	42.81429587134666
wl-pos-pos-es-pba-28423	Castro de Monel	Becerreá	-7.099778697003339	42.87973749813135
wl-pos-pos-es-pba-28424	Castro de Oselle	Becerreá	-7.151409042040685	42.864278661496144
wl-pos-pos-es-pba-28425	Castro de Quintá	Becerreá	-7.09251493532756	42.94559163364893
wl-pos-pos-es-pba-28426	Castro de Saá	Becerreá	-7.163381102587547	42.86104923020108
wl-pos-pos-es-pba-28427	Castro de Sevane	Becerreá	-7.099581894560729	42.933832896177
wl-pos-pos-es-pba-28428	Castro de Todón	Becerreá	-7.1960727709925765	42.903056687919026
wl-pos-pos-es-pba-28455	Castro de Vilamane	Becerreá	-7.107359356013858	42.91829452139727
wl-pos-pos-es-pba-28456	Castro de Vilar de Cancelada	Becerreá	-7.098454514783407	42.87481792760125
wl-pos-pos-es-pba-28457	Castro de Vilar de Frades	Becerreá	-7.142258320883309	42.884081166317344
wl-pos-pos-es-pba-27710	Capela do Castro	Castro de Rei	-7.490020443353815	43.14054644992654
wl-pos-pos-es-pba-27812	Castro da Engroba	Castro de Rei	-7.481693646330673	43.10212067294171
wl-pos-pos-es-pba-27813	Castro da Escrita de Santa Leocadia	Castro de Rei	-7.412078446266566	43.21340546257657
wl-pos-pos-es-pba-27814	Castro da Farola	Castro de Rei	-7.496929621165343	43.13981564861659
wl-pos-pos-es-pba-27815	Castro da Rodela	Castro de Rei	-7.413569214659011	43.18676176976187
wl-pos-pos-es-pba-27816	Castro de Abaixo	Castro de Rei	-7.450515098793048	43.09300095998202
wl-pos-pos-es-pba-27817	Castro de Abuín	Castro de Rei	-7.442707978938686	43.08349360881372
wl-pos-pos-es-pba-27818	Castro de Ameixide	Castro de Rei	-7.3982124301686065	43.18088679117485
wl-pos-pos-es-pba-27819	Castro de Arriba	Castro de Rei	-7.445210636134393	43.0876291933307
wl-pos-pos-es-pba-27820	Castro de Azúmara	Castro de Rei	-7.3791560620685654	43.19277106681745
wl-pos-pos-es-pba-27821	Castro de Duancos	Castro de Rei	-7.4583060900192715	43.0978378375111
wl-pos-pos-es-pba-27853	Castro de Piñeiro	Castro de Rei	-7.36799158754866	43.217583172014244
wl-pos-pos-es-pba-27854	Castro de Quintela	Castro de Rei	-7.436806175938177	43.1930104310113
wl-pos-pos-es-pba-27902	Os Castros de Santa Leocadia	Castro de Rei	-7.412660107601563	43.21796824605015
wl-pos-pos-es-pba-29579	Os Castros	Cervo	-7.442091060743995	43.67239317322612
wl-pos-pos-es-pba-29620	Xacemento da península da Atalaia	Cervo	-7.437475106536127	43.69973354842534
wl-pos-pos-es-pba-29983	Castro de Castelo/O Castro	Cervo	-7.446116864980902	43.66488814974911
wl-pos-pos-es-pba-29984	Castro de Ruela/Os Castros de Rueta	Cervo	-7.401737439079589	43.68252549873797
wl-pos-pos-es-pba-29985	Castro Pico Pequeño/Monte da Sara	Cervo	-7.439257813494336	43.66641622665866
wl-pos-pos-es-pba-32066	O Cotarro da Croa	Guntín	-7.5999775276288	42.8391416763446
wl-pos-pos-es-pba-32210	Castro de Alemparte	Guntín	-7.665501471110113	42.900417253151325
wl-pos-pos-es-pba-32211	Castro de Castelo Pequeno	Guntín	-7.6181605229608556	42.90279760253441
wl-pos-pos-es-pba-32242	Castro de Cimadevila	Guntín	-7.564881227353852	42.87739869280853
wl-pos-pos-es-pba-32243	Castro de Frameán	Guntín	-7.662062972828877	42.87077947299149
wl-pos-pos-es-pba-32244	Castro de Grolos	Guntín	-7.6252247012481025	42.87553171683346
wl-pos-pos-es-pba-32245	Castro de Guntín	Guntín	-7.697551936554871	42.8892933612778
wl-pos-pos-es-pba-32246	Castro de Longalai	Guntín	-7.533452063494951	42.90330705331641
wl-pos-pos-es-pba-32247	Castro de Mosteiro	Guntín	-7.5838798490988255	42.87209095973966
wl-pos-pos-es-pba-32248	Castro de Piñeiras	Guntín	-7.609453215001414	42.85086770368984
wl-pos-pos-es-pba-32249	Castro de Rebordelo	Guntín	-7.752974353279537	42.96084299268428
wl-pos-pos-es-pba-32250	Castro de San Mamede	Guntín	-7.589758800253527	42.90330198051044
wl-pos-pos-es-pba-31432	Castro da Casilla/O Castro	Lugo	-7.497281398530288	42.96434265988326
wl-pos-pos-es-pba-31433	Castro da Madalena	Lugo	-7.525075280604159	42.940585796212396
wl-pos-pos-es-pba-31435	Castro da Táboa	Lugo	-7.586031367175006	43.05309718681139
wl-pos-pos-es-pba-31436	Castro de Albazoi/A Castronela	Lugo	-7.662115486108844	42.99285747863131
wl-pos-pos-es-pba-31438	Castro de Astrar/O Castro	Lugo	-7.529809613214054	43.027328350301836
wl-pos-pos-es-pba-31439	Castro de Brea	Lugo	-7.441232611330217	43.02367326421535
wl-pos-pos-es-pba-31468	Castro Zapateiro	Lugo	-7.633254905707545	43.03835145675129
wl-pos-pos-es-pba-31471	Chousa do Castro	Lugo	-7.694151444385591	42.980681988206975
wl-pos-pos-es-pba-31496	A Caderna/O Castro	Lugo	-7.655090908487196	43.017134873857046
wl-pos-pos-es-pba-31497	A Castronela	Lugo	-7.596462602841809	43.035746855353544
wl-pos-pos-es-pba-31498	A Castronela/A Rodela	Lugo	-7.6818148658780405	43.044910616688824
wl-pos-pos-es-pba-31500	A Castronela/O Castro	Lugo	-7.670982385077936	42.969342630860915
wl-pos-pos-es-pba-31501	A Castronela/Os Fornos	Lugo	-7.65349454562815	43.045347299957896
wl-pos-pos-es-pba-31530	A Cubela/A Cubela/Agra do Castro	Lugo	-7.536056662201205	43.049946773852106
wl-pos-pos-es-pba-31540	Castro de Galegos/Castro Grande	Lugo	-7.610162565960958	42.960415273673995
wl-pos-pos-es-pba-31541	Castro de Gomaros	Lugo	-7.555773388282989	43.02896791800203
wl-pos-pos-es-pba-31542	Castro de Gondar/O Castro	Lugo	-7.43452261218639	43.01470192623102
wl-pos-pos-es-pba-31544	Castro de Pedreda/O Castro	Lugo	-7.507367896550861	43.04382432101496
wl-pos-pos-es-pba-31641	As Castronelas/O Castro	Lugo	-7.685743901493041	42.96477857537168
wl-pos-pos-es-pba-31647	Castro de Recimil/O Castro	Lugo	-7.490924235485065	42.98004862504242
wl-pos-pos-es-pba-31649	Castro de Taboeiro/Os Castros	Lugo	-7.727440645586517	42.95718469681446
wl-pos-pos-es-pba-32606	Núcleo de Castro	Lugo	-7.485675927415528	42.99554831190785
wl-pos-pos-es-pba-32818	O Castro	Lugo	-7.484179258922107	42.997658975676536
wl-pos-pos-es-pba-33638	Castro Cornado	Monforte de Lemos	-7.477213425211529	42.550878868581314
wl-pos-pos-es-pba-33639	Castro da Cinsa/A Croa dos Barredos	Monforte de Lemos	-7.540050634425197	42.55933220591201
wl-pos-pos-es-pba-33640	Castro da Penela/Torre	Monforte de Lemos	-7.4827433594200805	42.48574758668819
wl-pos-pos-es-pba-33641	Castro da Reguenga	Monforte de Lemos	-7.493364365819636	42.453631704166696
wl-pos-pos-es-pba-33666	Castro de Avide	Monforte de Lemos	-7.553528517222298	42.53302668410409
wl-pos-pos-es-pba-33667	Castro de Babela	Monforte de Lemos	-7.554143288238372	42.4974667554067
wl-pos-pos-es-pba-33668	Castro de Cabo	Monforte de Lemos	-7.436204540965754	42.53608272204142
wl-pos-pos-es-pba-33669	Castro de Caneda	Monforte de Lemos	-7.464744826106521	42.511818169756204
wl-pos-pos-es-pba-33670	Castro de Parte	Monforte de Lemos	-7.473860598389018	42.56475467651779
wl-pos-pos-es-pba-33672	Castro de Riaño	Monforte de Lemos	-7.50818427473834	42.55808475067614
wl-pos-pos-es-pba-33674	Castro de Vilamaior	Monforte de Lemos	-7.519090718676738	42.588344211087104
wl-pos-pos-es-pba-33675	Castro Feijó	Monforte de Lemos	-7.499249893829649	42.4562586952432
wl-pos-pos-es-pba-34667	O Castro	Muras	-7.744366243574208	43.47712937139437
wl-pos-pos-es-pba-34668	O Castro Vello	Muras	-7.63545594094893	43.430096069199166
wl-pos-pos-es-pba-35017	Castro da Picheira	Muras	-7.587599993561067	43.53401981407816
wl-pos-pos-es-pba-35018	Castro de Muras	Muras	-7.723192443710161	43.46515976364348
wl-pos-pos-es-pba-35019	Castro de Silán	Muras	-7.59495221711171	43.51655093285071
wl-pos-pos-es-pba-35020	Castrosol	Muras	-7.601010490351634	43.51557171475205
wl-pos-pos-es-pba-35840	Castro de Vilarmeor	Negueira de Muñiz	-6.933640254983115	43.08751387094179
wl-pos-pos-es-pba-42901	Os Castros de Vilacampa	O Valadouro	-7.504133449903783	43.55708364305756
wl-pos-pos-es-pba-43275	Castro da Coroa de Budián/A Croa	O Valadouro	-7.41399638111814	43.56709788201539
wl-pos-pos-es-pba-43276	Castro de Augarrío	O Valadouro	-7.455592706167116	43.56338574393809
wl-pos-pos-es-pba-43313	Chao da Croa	O Valadouro	-7.42339353579106	43.560766624722106
wl-pos-pos-es-pba-37622	A Castronela	Palas de Rei	-7.905210907940698	42.87779228886719
wl-pos-pos-es-pba-37623	A Castronela	Palas de Rei	-7.811181790516327	42.89580894155338
wl-pos-pos-es-pba-37708	Monte do Castro	Palas de Rei	-7.841763555753157	42.96717310661513
wl-pos-pos-es-pba-37709	Monte do Castro	Palas de Rei	-7.858528631855066	42.929115118669294
wl-pos-pos-es-pba-37712	O Castro	Palas de Rei	-7.934350090490197	42.87554380543709
wl-pos-pos-es-pba-37713	O Castro	Palas de Rei	-7.798373006839073	42.90773295974757
wl-pos-pos-es-pba-37714	O Castro	Palas de Rei	-7.839520786115995	42.89209061285082
wl-pos-pos-es-pba-37715	O Castro/Monte do Castro	Palas de Rei	-7.949716178392913	42.86274199964762
wl-pos-pos-es-pba-37716	Os Castros	Palas de Rei	-7.804819348713749	42.956687664974986
wl-pos-pos-es-pba-37741	Castro de Gontá	Palas de Rei	-7.876309739152394	42.83238070131357
wl-pos-pos-es-pba-37777	Castro do Ferreiro	Palas de Rei	-7.819934492802244	42.86604909421501
wl-pos-pos-es-pba-37881	Castro da Capela	Quiroga	-7.209879718776013	42.450149045884004
wl-pos-pos-es-pba-37882	Castro da Coroa de Penas Rubias	Quiroga	-7.175593746154308	42.5345144241839
wl-pos-pos-es-pba-37883	Castro da Cortiña	Quiroga	-7.2402980361368545	42.49493252301737
wl-pos-pos-es-pba-37884	Castro da Ermida	Quiroga	-7.25111644278602	42.48152927453004
wl-pos-pos-es-pba-37909	Castro da Lama	Quiroga	-7.313488681134424	42.51777558070923
wl-pos-pos-es-pba-37910	Castro da Meixeira	Quiroga	-7.258402940739884	42.47519875683467
wl-pos-pos-es-pba-37912	Castro da Pena dos Mouros	Quiroga	-7.1677578568665075	42.56011304316095
wl-pos-pos-es-pba-37913	Castro da Roda/Castro de Xestoso	Quiroga	-7.3006063137356945	42.5241422970976
wl-pos-pos-es-pba-37914	Castro Dares	Quiroga	-7.33389024862302	42.46469036293943
wl-pos-pos-es-pba-37915	Castro das Chozas	Quiroga	-7.159039792523174	42.54388854410486
wl-pos-pos-es-pba-37940	Castro de Augasmestas	Quiroga	-7.353270596664491	42.457747957738356
wl-pos-pos-es-pba-37943	Castro de Penasabel	Quiroga	-7.3245489388685225	42.46255031126834
wl-pos-pos-es-pba-37945	Castro de Val de Parada	Quiroga	-7.104050327683077	42.541318349023676
wl-pos-pos-es-pba-37972	Castro do Castelo	Quiroga	-7.208051209267818	42.41235511604506
wl-pos-pos-es-pba-37973	Castro do Pereiro	Quiroga	-7.090250516327737	42.56464333122368
wl-pos-pos-es-pba-37974	Castro do Teso dos Mouros	Quiroga	-7.169880555136058	42.47521213744495
wl-pos-pos-es-pba-38264	O Castelo/Pena Cerveira/Castro da Pena do Cervato	Quiroga	-7.214187949054146	42.41459435713826
wl-pos-pos-es-pba-38266	Os Castriños/Os Castros de Novais	Quiroga	-7.241909272901708	42.45937416042201
wl-pos-pos-es-pba-40012	A Roda de Castrofeito	Samos	-7.257886287583524	42.62384289470692
wl-pos-pos-es-pba-40038	Castro de Lastres/Castro do Foral/Castro	Samos	-7.298437103808546	42.74589559719806
wl-pos-pos-es-pba-40039	Castro de Lourido	Samos	-7.29601202746994	42.755516760897194
wl-pos-pos-es-pba-40040	Castro de Moura	Samos	-7.255912530656926	42.6825281732266
wl-pos-pos-es-pba-40041	Castro de Nande	Samos	-7.262715627155894	42.74019102531069
wl-pos-pos-es-pba-40042	Castro de Parada/A Roda do Castro	Samos	-7.256549703949904	42.638188760442844
wl-pos-pos-es-pba-40047	Castro de Santo Antonio	Samos	-7.290245174502458	42.7432381866712
wl-pos-pos-es-pba-40222	Castro da Debesa de Ribas	Samos	-7.314244600017459	42.75174927378882
wl-pos-pos-es-pba-40225	Castro de Aián	Samos	-7.380216732884343	42.74706242812084
wl-pos-pos-es-pba-40226	Castro de Castrelo	Samos	-7.24640726231661	42.684761113501665
wl-pos-pos-es-pba-40997	Castro de San Marcos/Agro do Castro	Sober	-7.612601758843661	42.42585947253253
wl-pos-pos-es-pba-40998	Castro de Sober	Sober	-7.584745442255346	42.46479646085285
wl-pos-pos-es-pba-41000	Castro de Vilanova/Os Castros	Sober	-7.575152627428977	42.4115036378987
wl-pos-pos-es-pba-41001	Castro do Escalleiro	Sober	-7.494724668303494	42.41489530102386
wl-pos-pos-es-pba-41110	Cotarro do Castro	Sober	-7.610853971568552	42.39600068050193
wl-pos-pos-es-pba-41228	A Castrela	Sober	-7.504093543684147	42.39382898613856
wl-pos-pos-es-pba-41533	Castro da Cividade	Sober	-7.614104336551358	42.39118762141284
wl-pos-pos-es-pba-41565	Castro da Mota	Sober	-7.531153192660381	42.41547329931827
wl-pos-pos-es-pba-41566	Castro da Xabrega/Cotarro do Castro	Sober	-7.6338263443001635	42.410564104193675
wl-pos-pos-es-pba-41570	Castro de Francos	Sober	-7.59406984485628	42.453987927243936
wl-pos-pos-es-pba-41295	Castro de Cancelo	Triacastela	-7.209171067080239	42.771892913081686
wl-pos-pos-es-pba-41399	Castro de Cileiro	Triacastela	-7.215234866684964	42.78241680201054
wl-pos-pos-es-pba-41400	Castro de Lagares	Triacastela	-7.222682353987742	42.764590232032575
wl-pos-pos-es-pba-41401	Castro de San Andreau	Triacastela	-7.2200048819123275	42.77694535986645
wl-pos-pos-es-pba-45832	Castro Cavadoso/O Castelo do Castro	Boborás	-8.118741153302231	42.40616801462082
wl-pos-pos-es-pba-45833	Castro de Cameixa/Outeiro do Castro	Boborás	-8.155260384414252	42.417247691769944
wl-pos-pos-es-pba-45834	Castro de Carricovas/Castro de Souteliño/Cercas	Boborás	-8.130299461064691	42.464087723951934
wl-pos-pos-es-pba-45973	Castro de Meimón	Boborás	-8.188505401555636	42.427078731423826
wl-pos-pos-es-pba-45974	Castro de Moldes	Boborás	-8.127659554077969	42.41651173224836
wl-pos-pos-es-pba-45975	Castro do Monte do Coto	Boborás	-8.171435674496298	42.4066877655006
wl-pos-pos-es-pba-47588	Orcellón/Castro da Teixeira	Boborás	-8.15882992443711	42.443154223257146
wl-pos-pos-es-pba-47720	Ponte do Castro no rio Arenteiro	Boborás	-8.11848178660115	42.40496604233584
wl-pos-pos-es-pba-49891	A Carballeira/Castro dos Mallos	Cualedro	-7.542267244009346	41.98553274793117
wl-pos-pos-es-pba-49922	A Cidá do Castro	Cualedro	-7.607534809619763	41.905008292606766
wl-pos-pos-es-pba-49923	A Cidá do Castro/Castro de San Millán	Cualedro	-7.605065715732505	41.903838090673986
wl-pos-pos-es-pba-49215	Castro dos Castelos	Entrimo	-8.092507382850712	41.930803008742366
wl-pos-pos-es-pba-50909	Xardín do doutor Luis de Castro García	Entrimo	-8.116011668015368	41.93114323404017
wl-pos-pos-es-pba-51388	Castro de Canedo	Maside	-8.01004105576354	42.42367923889465
wl-pos-pos-es-pba-51389	Castro de Piñeiro	Maside	-7.993083865606079	42.41408212086379
wl-pos-pos-es-pba-51390	Castro do Monte da Circa	Maside	-7.98566657630563	42.41693585621661
wl-pos-pos-es-pba-51391	Castro grande da Reguenga	Maside	-8.048587194994374	42.41448317318601
wl-pos-pos-es-pba-53045	Monte do Castro	Maside	-8.031045622888193	42.41122697540917
wl-pos-pos-es-pba-53089	O Castro do Agro da Quinta	Maside	-8.035647027658417	42.43329412708183
wl-pos-pos-es-pba-53750	Penedos do Castro/Os Castros	Nogueira de Ramuín	-7.692785673846744	42.414918288931965
wl-pos-pos-es-pba-54223	Castro da Torre da Cidá	Nogueira de Ramuín	-7.779339096940543	42.38393346296664
wl-pos-pos-es-pba-54296	Os Penedos do Castro	Nogueira de Ramuín	-7.708151559164389	42.42612121228361
wl-pos-pos-es-pba-54297	Outeiro do Castro	Nogueira de Ramuín	-7.745412879179738	42.37857692147989
wl-pos-pos-es-pba-45815	O Castro	O Barco de Valdeorras	-6.978642828059854	42.392314205591866
wl-pos-pos-es-pba-45844	O Castro de Vila de Castro	O Barco de Valdeorras	-6.9924157216450755	42.42821473469583
wl-pos-pos-es-pba-46131	Castro da Escrita	O Barco de Valdeorras	-6.9881201647706055	42.40619216051488
wl-pos-pos-es-pba-46132	Castro das Torres Villabril	O Barco de Valdeorras	-7.001502086630445	42.40668578889856
wl-pos-pos-es-pba-46133	Castro de Casteliño Redondo	O Barco de Valdeorras	-6.963673839943227	42.446292057405536
wl-pos-pos-es-pba-46160	Castro de Soutariz	O Barco de Valdeorras	-6.981767912549141	42.38451704705845
wl-pos-pos-es-pba-46161	Castro do Castillo	O Barco de Valdeorras	-6.942815897641805	42.4136746547895
wl-pos-pos-es-pba-46162	Castro do Cavaxón	O Barco de Valdeorras	-6.975774907649312	42.3871562371578
wl-pos-pos-es-pba-46164	Castro do Xardoal	O Barco de Valdeorras	-6.975188158690659	42.448366591936
wl-pos-pos-es-pba-46167	Castro Moucido	O Barco de Valdeorras	-7.00774565601966	42.44077380355992
wl-pos-pos-es-pba-46196	Conxunto do Castro	O Barco de Valdeorras	-6.988474000977195	42.428347134527314
wl-pos-pos-es-pba-55912	Monte do Castro	O Pereiro de Aguiar	-7.79402147157245	42.391425936046744
wl-pos-pos-es-pba-55916	O Castro de Outeiromau	O Pereiro de Aguiar	-7.759647373952497	42.32033900700922
wl-pos-pos-es-pba-55944	O Castro de Outeiromau	O Pereiro de Aguiar	-7.759647373952497	42.32033900700922
wl-pos-pos-es-pba-55947	Outeiro/Castro de Outeiro	O Pereiro de Aguiar	-7.819615426736872	42.36002586341206
wl-pos-pos-es-pba-53650	Castro de Beiro	Ourense	-7.915987364210272	42.37442078915346
wl-pos-pos-es-pba-53651	Castro de Eiroás/de Valdegola	Ourense	-7.873003723682455	42.36271276839674
wl-pos-pos-es-pba-53679	Castro de Madrosende	Ourense	-7.877860448091504	42.38954745931559
wl-pos-pos-es-pba-53680	Castro de Oira	Ourense	-7.8581674601010345	42.35362868787665
wl-pos-pos-es-pba-53681	Castro de Santomé	Ourense	-7.829755219589031	42.34755683897978
wl-pos-pos-es-pba-53994	Castro da Mina	Oímbra	-7.584914573615906	41.85208571931177
wl-pos-pos-es-pba-53995	Castro de Vamba	Oímbra	-7.464504813081348	41.866835724264625
wl-pos-pos-es-pba-57410	Castro de Marnotos	Ramirás	-8.066703208882025	42.194462287824216
wl-pos-pos-es-pba-50307	Outeiro do Castro	Xunqueira de Ambía	-7.7378095974298375	42.232076398475975
wl-pos-pos-es-pba-52065	Castro O Castelo	Xunqueira de Espadanedo	-7.648644893587825	42.317390281085494
wl-pos-pos-es-pba-61431	Castro da Roda/Roda do Castro/Castro de Cernadas	Caldas de Reis	-8.636099894163976	42.66340595901753
wl-pos-pos-es-pba-61432	Castro da Xaiba/Castro de Arriba	Caldas de Reis	-8.7668179767853	42.61047572014958
wl-pos-pos-es-pba-61433	Castro de Asar/Monte do Castelo	Caldas de Reis	-8.621167322742943	42.629542943900795
wl-pos-pos-es-pba-61434	Castro de Badoucos	Caldas de Reis	-8.634095916318373	42.58361756524899
wl-pos-pos-es-pba-61435	Castro de Follente/O Castro	Caldas de Reis	-8.6642572390705	42.60964147536631
wl-pos-pos-es-pba-61461	Castro de Monte Porreiro/Castro Segade	Caldas de Reis	-8.628368384989182	42.608532927626044
wl-pos-pos-es-pba-61462	Castro de Paradela/Castro dos Tres Picos	Caldas de Reis	-8.652432746523136	42.63035262835123
wl-pos-pos-es-pba-61463	Castro de San Clemente de Cesar	Caldas de Reis	-8.623396393936433	42.648917110974644
wl-pos-pos-es-pba-62453	Outeiro do Castro	Caldas de Reis	-8.64000141170618	42.62863957059864
wl-pos-pos-es-pba-62454	Outeiro do Castro II	Caldas de Reis	-8.694606535543105	42.60790635534575
wl-pos-pos-es-pba-64305	Castro da Cidade	Fornelos de Montes	-8.487617440799934	42.328722099425164
wl-pos-pos-es-pba-64306	Castrovez	Fornelos de Montes	-8.385480466695425	42.33550472122248
wl-pos-pos-es-pba-64339	O Castro	Fornelos de Montes	-8.375872174658038	42.34966456834395
wl-pos-pos-es-pba-78354	Castro de Piñeiro/Monte do Castro	Portas	-8.67120185801895	42.58414507426036
wl-pos-pos-es-pba-70094	Os Castros	Rodeiro	-7.915374352790661	42.6473826062978
wl-pos-pos-es-pba-70358	Castro de Alboldrón/Coto dos Mouros	Rodeiro	-7.90431471591323	42.66709562683997
wl-pos-pos-es-pba-70359	Castro de Baroncelle/O Castro	Rodeiro	-7.961070114591048	42.59811464477472
wl-pos-pos-es-pba-70360	Castro de Cantelle/O Castro	Rodeiro	-7.871675508020405	42.71404811095457
wl-pos-pos-es-pba-70361	Castro de Casa Soa/Castro de Vence	Rodeiro	-7.939032504606479	42.65058165732581
wl-pos-pos-es-pba-70362	Castro de Melide/O Castrillón	Rodeiro	-7.903717958745808	42.70623213792524
wl-pos-pos-es-pba-70492	Castro Pequeno	Rodeiro	-7.900482640911435	42.73156617641099
wl-pos-pos-es-pba-72498	Castro Castriño de Cabral	Vigo	-8.665089778119892	42.21811861288313
wl-pos-pos-es-pba-72499	Castro Castriño de Coia	Vigo	-8.744672510560918	42.224539342794706
wl-pos-pos-es-pba-72500	Castro Chouzo	Vigo	-8.780545346398753	42.17120294287086
wl-pos-pos-es-pba-72641	Castro da Punta do Muíño de Vento	Vigo	-8.769864956229474	42.224406536328814
wl-pos-pos-es-pba-72642	Castro das Cíes/As Hortas/Castro de Monteagudo	Vigo	-8.913049500013853	42.213586125105785
wl-pos-pos-es-pba-72643	Castro de Barrocas/Castro da Cotaxeira/Eira dos Mouros	Vigo	-8.726746784992683	42.17302809732785
wl-pos-pos-es-pba-72648	Castro de Estea/O Castro	Vigo	-8.79835948149778	42.171728982133146
wl-pos-pos-es-pba-72782	Castro de Freiría/O Castro	Vigo	-8.64525265762852	42.24199094966224
wl-pos-pos-es-pba-72784	Castro de San Lourenzo/O Penedo	Vigo	-8.769567617399286	42.19212842911386
wl-pos-pos-es-pba-72785	Castro de Sobreira/Os Castros	Vigo	-8.704107968060573	42.1725561361219
wl-pos-pos-es-pba-72786	Castro de Toralla	Vigo	-8.802937122687634	42.2000534414997
wl-pos-pos-es-pba-72787	Castro de Torres de Padin	Vigo	-8.677287295131208	42.258732158200054
wl-pos-pos-es-pba-72788	Castro de Vigo/O Castro	Vigo	-8.725855863322346	42.23182619799062
wl-pos-pos-es-pba-72927	Castro do Monte do Alba/Castro de Valadares	Vigo	-8.736093735647588	42.17247773664849
wl-pos-pos-es-pba-72928	Castro do Piricoto	Vigo	-8.724277898228596	42.21383372634704
wl-pos-pos-es-pba-72930	Castro O Redondo/O Outeiro	Vigo	-8.770921080725723	42.204614518266276
wl-pos-pos-es-pba-74678	Os Castros/Os Seixos	Vigo	-8.724610232045713	42.18570259896563
wl-pos-pos-es-pba-74813	Parque do Castro	Vigo	-8.726187496926583	42.23186735091945
wl-pos-pos-es-pba-76262	Fortalezas do Castro e San Sebastián	Vigo	-8.72624626117501	42.23229078690796
wl-pos-pos-pt-dgpc-107461	Outeiro dos Moiros / Cividade de Chacim	Cabeceiras de Basto	-7.95697555474579	41.534888056729386
wl-pos-pos-pt-dgpc-108111	Guerreiro galaico-lusitano do Castro de Santa Comba	Cabeceiras de Basto	-7.977053649464094	41.507005493152796
wl-pos-pos-pt-dgpc-107488	Castro do Senhor dos Desamparados	Esposende	-8.735914897949263	41.54073152929046
wl-pos-pos-pt-dgpc-107601	Castro de São Lourenço	Esposende	-8.761229725179039	41.5560820670326
wl-pos-pos-pt-dgpc-107784	Cividade de Belinho/Cidade de Belinho	Esposende	-8.776873904372353	41.59975190387367
wl-pos-pos-pt-dgpc-107265	Penhal Castro	Miranda do Douro	-6.458984693486297	41.44811773119043
wl-pos-pos-pt-dgpc-107361	Casa do Quinteiro/Castro de Cércio	Miranda do Douro	-6.302826852406688	41.45617428101935
wl-pos-pos-pt-dgpc-107480	Castro de Aldeia Nova/ São João das Arribas	Miranda do Douro	-6.223557703266154	41.53961415041236
wl-pos-pos-pt-dgpc-108169	Castro de Vale de Águia ou Castrilhouço	Miranda do Douro	-6.259352209090383	41.51589458141283
wl-pos-pos-pt-dgpc-109015	Castro de São Juzenda	Mirandela	-7.158131999488469	41.60346248306208
wl-pos-pos-pt-dgpc-109943	Torre de Dona Chama/ Castro de São Brás	Mirandela	-7.121092408055874	41.655542144847885
wl-pos-pos-pt-dgpc-105226	Arados/Castro de Arados	Marco de Canaveses	-8.22727255153935	41.09774779419848
wl-pos-pos-pt-dgpc-105975	Castro de Santiago	Marco de Canaveses	-8.082110859326605	41.18043525188717
wl-pos-pos-pt-dgpc-106131	Vila Boa de Quires/Castro de Quires	Marco de Canaveses	-8.224212266123343	41.2079625826037
wl-pos-pos-pt-dgpc-106050	Castro do Monte do Muro de Vandoma	Paredes	-8.392999070518814	41.19707947837106
wl-pos-pos-pt-dgpc-105870	Castro de Monte Mozinho/ Cidade Morta de Penafiel	Penafiel	-8.311082181799065	41.1460915787575
wl-pos-pos-pt-dgpc-106078	Castro de Santa Luzia	Penafiel	-8.300503737412484	41.20175367961338
wl-pos-pos-pt-dgpc-108581	Castro da Senhora da Vista	Monção	-8.374029512192909	42.02904800494905
wl-pos-pos-pt-dgpc-109144	Castro de Moldes	Viana do Castelo	-8.785304289179663	41.613750527843045
wl-pos-pos-pt-dgpc-109474	Castro do Peso	Viana do Castelo	-8.655294925536976	41.69319543164157
wl-pos-pos-pt-dgpc-109617	Senhora do Castro	Viana do Castelo	-8.77908330744358	41.6395355841581
wl-pos-pos-pt-dgpc-109629	Rego do Castro	Viana do Castelo	-8.78131746478362	41.76638007120772
wl-pos-pos-pt-dgpc-109676	Citânia de Santa Luzia	Viana do Castelo	-8.83548341750965	41.70483909790075
wl-pos-pos-pt-dgpc-109761	Castro de Agrichousa	Viana do Castelo	-8.841525555112028	41.77358697068899
wl-pos-pos-pt-dgpc-109777	Castro de Carmona / Povoado Fortificado de Carmona	Viana do Castelo	-8.647841654498016	41.647311670051444
wl-pos-pos-pt-dgpc-109890	Castro da Terronha	Viana do Castelo	-8.746704319751457	41.71813265457155
wl-pos-pos-pt-dgpc-109916	Castro de Cardielos - Monte	Viana do Castelo	-8.752964838213362	41.71935948487616
wl-pos-pos-pt-dgpc-109966	Castro de São Silvestre	Viana do Castelo	-8.746620159531762	41.721914499712305
wl-pos-pos-pt-dgpc-109989	Cividade de Âncora	Viana do Castelo	-8.854901932980411	41.78664831471218
wl-pos-pos-pt-dgpc-109992	Castro do Calvário	Viana do Castelo	-8.779680820634956	41.72317357572957
wl-pos-pos-pt-dgpc-110074	Castro de Vieito	Viana do Castelo	-8.795349173477462	41.727585907665436
wl-pos-pos-pt-dgpc-107238	Castelo dos Mouros /Castro do Cadaval	Murça	-7.4844446384475	41.395439443894595
wl-pos-pos-pt-dgpc-107369	Castro de Castelo dos Mouros	Murça	-7.473505170473407	41.40122979731809
wl-pos-pos-pt-dgpc-110840	Castro de Seirós	Ribeira de Pena	-7.728542557089279	41.57886692839982
wl-pos-pos-pt-dgpc-104616	Castro	Vila Real	-7.704970638467878	41.22539412474147
wl-pos-pos-pt-dgpc-107312	Monte da Murada/ Castro da Murada ou da Morcegueira	Vila Real	-7.695469690219898	41.39823510307755
wl-pos-pos-es-pba-14328	Monte do Castro (Castro de Vilasuso)	Narón	-8.22038749289567	43.56699829005009
wl-pos-pos-es-pba-14367	O Castro (Castro de Quintá)	Narón	-8.214396988420809	43.55274573295716
wl-pos-pos-es-pba-14553	Castro da Pedreira	Narón	-8.229105393271073	43.56083091186418
wl-pos-pos-es-pba-14588	Castro de Pena Lopesa	Narón	-8.22594601477777	43.57701844556937
wl-pos-pos-es-pba-8704	Castro das Pías/Castro de Cardoeiro	Fene	-8.171572505093756	43.47427554901182
wl-pos-pos-es-pba-8705	Castro de Barallobre	Fene	-8.178759499653474	43.46407350807626
wl-pos-pos-es-pba-8709	Castro do Río Castro	Fene	-8.186321260418124	43.42396916091138
wl-pos-pos-es-pba-10262	Necrópole de Santa Comba/Castro de Santa Comba	Ferrol	-8.282642845995516	43.559082757693524
wl-pos-pos-es-pba-9072	A Croa/Castro da Croa de Fontá	Ferrol	-8.30888795518832	43.48731411879081
wl-pos-pos-es-pba-9153	Castro de Ferrol Vello	Ferrol	-8.242683156451365	43.47962400888347
wl-pos-pos-es-pba-9155	Castro de Lobariz	Ferrol	-8.328772268544135	43.50827264612299
wl-pos-pos-es-pba-9186	Castro de Tralocastro	Ferrol	-8.267255436208933	43.531960897710164
wl-pos-pos-es-pba-9187	Castro de Vilasanche	Ferrol	-8.261870362176957	43.50060487866211
wl-pos-pos-es-pba-14210	As Croas	Narón	-8.222309428322422	43.543889071619255
wl-pos-pos-es-pba-14552	Castro da Ermida	Narón	-8.104051749616847	43.53377786336151
wl-pos-pos-es-pba-14554	Castro da Pereiruga	Narón	-8.11927005988558	43.5435880296391
wl-pos-pos-es-pba-14556	Castro de Eiravedra	Narón	-8.130785103274073	43.553635249028005
wl-pos-pos-es-pba-14590	Castro de Santo Estevo	Narón	-8.136844261989637	43.55153816561511
wl-pos-pos-es-pba-14591	Castro de Sedes/Castro de Eiravedra	Narón	-8.133661544730217	43.551023008990136
wl-pos-pos-es-pba-14593	Castro de Trasancos	Narón	-8.220621570398505	43.54366705275839
wl-pos-pos-es-pba-14594	Castro de Vicás	Narón	-8.158893830961198	43.53438144117154
wl-pos-pos-es-pba-14518	Castro de Viladonelle	Neda	-8.119504115401668	43.484762875184245
wl-pos-pos-es-pba-20260	Castro de Riboira	San Sadurniño	-8.055496892379018	43.543599965426836
wl-pos-pos-es-pba-20261	Castro de Rupiallo	San Sadurniño	-8.079881377191462	43.537082151009194
wl-pos-pos-es-pba-20265	Coto da Croa	San Sadurniño	-8.032826260167933	43.577979015085575
wl-pos-pos-es-pba-20704	A Croa	San Sadurniño	-8.081000277632068	43.48946910625164
wl-pos-pos-es-pba-20705	A Croa do Castro	San Sadurniño	-8.073395247811263	43.580510855618954
wl-pos-pos-es-pba-20784	Castro de croas de Ramil	San Sadurniño	-8.042097773882631	43.54078893976058
wl-pos-pos-es-pba-24337	Os Castros	Valdoviño	-8.093620081527554	43.639579102678184
wl-pos-pos-es-pba-24673	Castro	Valdoviño	-8.066000016189715	43.62601595138847
wl-pos-pos-es-pba-24674	Castro da Punta do Vico	Valdoviño	-8.147683735016127	43.62230830936563
wl-pos-pos-es-pba-24677	Castro de Casianes	Valdoviño	-8.09873394334149	43.6341480312583
wl-pos-pos-es-pba-24678	Castro de Coto Redondo	Valdoviño	-8.110405528230721	43.64384397902806
wl-pos-pos-es-pba-24705	Castro de Lagoa	Valdoviño	-8.119373302895987	43.63140985564435
wl-pos-pos-es-pba-24712	Castro de Vilarrube/Os Castros de Ferreirías	Valdoviño	-8.08589185535877	43.637237042304854
wl-pos-pos-es-pba-1186	Castelo de Rodado/Castro de Gosende	A Baña	-8.802837179521353	42.99406417811803
wl-pos-pos-es-pba-1187	Castro da Baña	A Baña	-8.763157440610867	42.951214194085864
wl-pos-pos-es-pba-1188	Castro de Cabanas	A Baña	-8.709822331556436	42.981405714419054
wl-pos-pos-es-pba-1189	Castro de Lañas	A Baña	-8.698925908000925	42.962733010192004
wl-pos-pos-es-pba-1190	Castro de Liñares	A Baña	-8.770921671560563	42.9730523002687
wl-pos-pos-es-pba-1191	Castro de Suevos	A Baña	-8.76266816647361	42.99010033040039
wl-pos-pos-es-pba-1222	Castro de Troitosende	A Baña	-8.666008413969054	42.93821223248304
wl-pos-pos-es-pba-1223	Castro de Vilar da Torre	A Baña	-8.711272322229936	42.94340598042183
wl-pos-pos-es-pba-11057	Castro Pequeno/Castro das Motas/A Mota	A Laracha	-8.601181211517181	43.24176397879824
wl-pos-pos-es-pba-11058	Castro/Castro de Revirente	A Laracha	-8.514630997529311	43.22874852331912
wl-pos-pos-es-pba-11223	Castro da Pena/O Petón	A Laracha	-8.576713561026166	43.18284946716882
wl-pos-pos-es-pba-11224	Castro de Erboedo/Os Castros/As Croas	A Laracha	-8.501596946665856	43.25261624128911
wl-pos-pos-es-pba-11225	Castro de Gabenlle/Castro das Croas/Os Castros	A Laracha	-8.570941250206099	43.24384061857908
wl-pos-pos-es-pba-11227	Castro de Refoxo/Castro de Cerqueira	A Laracha	-8.44276477829718	43.23497491901351
wl-pos-pos-es-pba-11229	Castro de Santa Baia	A Laracha	-8.472843300963262	43.23670082256985
wl-pos-pos-es-pba-11387	Agra do Castro/Castro de Lestón/Os Castros	A Laracha	-8.569654533569624	43.264640149570845
wl-pos-pos-es-pba-13015	O Castro/Os Castros	A Laracha	-8.480957113535824	43.238230275726416
wl-pos-pos-es-pba-107	Castro de Presedo	Abegondo	-8.273105546769536	43.201600222563485
wl-pos-pos-es-pba-108	Castro de Vilar	Abegondo	-8.272926449744423	43.25604139810035
wl-pos-pos-es-pba-109	Castro de Vizoño	Abegondo	-8.322842991095227	43.158448439304514
wl-pos-pos-es-pba-110	Castro do Encoro	Abegondo	-8.291987124824352	43.281400921228105
wl-pos-pos-es-pba-111	Castro do Encoro	Abegondo	-8.291987124824352	43.281400921228105
wl-pos-pos-es-pba-112	Castro Grande de Alcaiana	Abegondo	-8.345982051278382	43.16169870893086
wl-pos-pos-es-pba-113	Castro Maior	Abegondo	-8.32903332081917	43.17388309609089
wl-pos-pos-es-pba-114	Chan do Castro	Abegondo	-8.324685001970092	43.210074603854366
wl-pos-pos-es-pba-82	Castro de Areosa – Xuanzos	Abegondo	-8.242703696347169	43.213442313547446
wl-pos-pos-es-pba-84	Castro de Brea	Abegondo	-8.291773753610116	43.23602522497881
wl-pos-pos-es-pba-86	Castro de Cos	Abegondo	-8.248397505176746	43.22999446682632
wl-pos-pos-es-pba-687	Castro da ermida de San Marcos	Ames	-8.636935167914674	42.907853646062314
wl-pos-pos-es-pba-688	Castro de Castelo/Castro de Ventosa	Ames	-8.635254819211525	42.89118525181303
wl-pos-pos-es-pba-689	Castro de Cruxeiras	Ames	-8.657975690039022	42.90514297485181
wl-pos-pos-es-pba-690	Castro de Mirás	Ames	-8.616658214923328	42.86498458078685
wl-pos-pos-es-pba-691	Castro de Ortoño	Ames	-8.63844104540255	42.857345075249725
wl-pos-pos-es-pba-692	Castro de Paramuíño/Torreón do Castro/O Moutón	Ames	-8.596667392997043	42.85117638225371
wl-pos-pos-es-pba-815	O Castro de PiRor	Ames	-8.603981980640372	42.91552341861304
wl-pos-pos-es-pba-1852	O Castro de Cambás	Aranga	-7.972478078950475	43.24163894794531
wl-pos-pos-es-pba-1853	O Castro do Painzal	Aranga	-8.09633734190916	43.205194895767654
wl-pos-pos-es-pba-1854	O Castro/As Croas do Castro	Aranga	-8.058440392710612	43.236111363703984
wl-pos-pos-es-pba-1855	Os Castros/A Chousa Vella	Aranga	-8.04095636264042	43.20365126729301
wl-pos-pos-es-pba-922	Castro de Flores/Flores de Turreiro	Aranga	-8.0939441116031	43.242380074188794
wl-pos-pos-es-pba-1685	Castro de Cervás	Ares	-8.273998198798784	43.439280742472306
wl-pos-pos-es-pba-1859	Castro de Ares	Ares	-8.235472413520352	43.432141319135845
wl-pos-pos-es-pba-1860	Castro de Lubre	Ares	-8.251694569152415	43.43119511649624
wl-pos-pos-es-pba-1861	Castro de Punta de Santa Mariña	Ares	-8.277895015787124	43.434758215182214
wl-pos-pos-es-pba-1862	Castro de Punta Mourón ou Punta Caamouco	Ares	-8.215345244214484	43.419705011173555
wl-pos-pos-es-pba-1956	A Roda do Castro	Ares	-8.205444887139212	43.437132129643814
wl-pos-pos-es-pba-17793	Castro da Uz	As Pontes de García Rodríguez	-7.886133120616473	43.4732101992184
wl-pos-pos-es-pba-17794	Castro de Bermui	As Pontes de García Rodríguez	-7.904922525879837	43.400156931830416
wl-pos-pos-es-pba-1270	Castro de Bergondiño	Bergondo	-8.23951826220955	43.32614936801437
wl-pos-pos-es-pba-1559	Castro de Illobre/Castro do Monte	Betanzos	-8.228291373393997	43.29217823847615
wl-pos-pos-es-pba-3883	Castro de San Fins	Cabana de Bergantiños	-8.920547622810261	43.205517833692824
wl-pos-pos-es-pba-3896	Castro das Modias	Cabanas	-8.181000342935837	43.426805424081635
wl-pos-pos-es-pba-3512	Castro de Cances	Carballo	-8.734928479212574	43.242160176090486
wl-pos-pos-es-pba-4472	Muíño no Castro	Carballo	-8.684655516807197	43.137091384698095
wl-pos-pos-es-pba-4654	Muíño no Castro	Carballo	-8.684117882297631	43.13643254655266
wl-pos-pos-es-pba-27212	Faro de Punta do Castro	Cariño	-7.862469774687272	43.73414229297223
wl-pos-pos-es-pba-6566	Castro de Cañás	Carral	-8.3264477805144	43.23670288345883
wl-pos-pos-es-pba-6567	Castro de Gosende	Carral	-8.355787721177284	43.25743852692694
wl-pos-pos-es-pba-6219	Castro de San Román	Cedeira	-8.003463318871185	43.657358609073285
wl-pos-pos-es-pba-5500	Os Castros	Cerceda	-8.575767663395972	43.147835200396216
wl-pos-pos-es-pba-5747	As Picureas do Castro/As Quenllas	Coristanco	-8.729405400435878	43.194333225838534
wl-pos-pos-es-pba-5918	Castro de Oca	Coristanco	-8.731353035787171	43.19692051851762
wl-pos-pos-es-pba-9309	Muíño de Vila do Castro	Curtis	-8.007593631611151	43.12006609458106
wl-pos-pos-es-pba-9413	Castro de Vila do Castro	Curtis	-8.008130351553037	43.118950626704404
wl-pos-pos-es-pba-9641	Medoña da Croa 1	Curtis	-7.9994296032098555	43.146513361577185
wl-pos-pos-es-pba-9642	Medoña da Croa 2	Curtis	-7.999233696572018	43.14619752217249
wl-pos-pos-es-pba-9643	Medoña da Croa 3	Curtis	-7.999377958720828	43.145906613450016
wl-pos-pos-es-pba-9644	Medoña da Croa 4	Curtis	-7.998106943115799	43.14333695297546
wl-pos-pos-es-pba-9645	Medoña da Croa 5	Curtis	-7.999528031779004	43.1462670702728
wl-pos-pos-es-pba-9720	Medoña de Tras A Croa 2	Curtis	-7.998625528059568	43.143337521049794
wl-pos-pos-es-pba-9721	Medoña de Tras A Croa 3	Curtis	-7.996614706174097	43.1432390606535
wl-pos-pos-es-pba-9722	Medoña de Tras A Croa 4	Curtis	-7.99486744188774	43.14040677907139
wl-pos-pos-es-pba-11691	Castro das Medorras/O Castro do Campo do Carro	Frades	-8.217524489017825	43.03143361303802
wl-pos-pos-es-pba-12434	Castro da Braña	Mesía	-8.286253420784236	43.13064428026022
wl-pos-pos-es-pba-14807	Vivenda na rúa Rosalía de Castro 26-2	Muros	-9.057183501689549	42.773721163891416
wl-pos-pos-es-pba-14808	Vivenda na rúa Rosalía de Castro 28	Muros	-9.057159004170739	42.77366714343535
wl-pos-pos-es-pba-15103	Vivenda na rúa Rosalía de Castro 11	Muros	-9.05620569434941	42.77383871877393
wl-pos-pos-es-pba-15109	Vivenda na rúa Rosalía de Castro 26-1	Muros	-9.057207999250986	42.773775184341716
wl-pos-pos-es-pba-15312	Parcela na rúa Rosalía de Castro	Muros	-9.05740378166686	42.7739912171093
wl-pos-pos-es-pba-15313	Parcela na rúa Rosalía de Castro e rúa das Laxes	Muros	-9.057183402269182	42.77361309856939
wl-pos-pos-es-pba-13106	Os Castros	Muxía	-9.20875168741905	43.076095812350275
wl-pos-pos-es-pba-13107	Os Castros	Muxía	-9.20082073182599	43.07998726375544
wl-pos-pos-es-pba-13130	Ermida de Santo Outel de Castro	Muxía	-9.158354309496277	43.02483633446556
wl-pos-pos-es-pba-13828	Castro de Coucieiro	Muxía	-9.160845287690892	43.02419924308076
wl-pos-pos-es-pba-15375	O Castro/Castro de Pumariño	Ordes	-8.446015454961984	43.06063953157155
wl-pos-pos-es-pba-15378	Os Castros/As Medorras/Castro de Castiñeira	Ordes	-8.395938886934996	43.132593589901326
wl-pos-pos-es-pba-15414	Tras do Castro	Ordes	-8.408520136535307	43.02763184532029
wl-pos-pos-es-pba-15436	A Medorra do Gavián/Castro da Medorra do Gavión	Ordes	-8.442096245966633	43.05983226765069
wl-pos-pos-es-pba-15438	A Medorra/A Medorra de Castro	Ordes	-8.405513498691642	43.138197137560354
wl-pos-pos-es-pba-15473	A Torre/Castro da Torre	Ordes	-8.3776557004095	43.097118640386256
wl-pos-pos-es-pba-15505	As Cenicas/Castro de Vilasuso	Ordes	-8.378646874246721	43.02467247611575
wl-pos-pos-es-pba-15912	O Castro/Castro de Aldea do Castro	Ordes	-8.402462844532431	43.13795341879462
wl-pos-pos-es-pba-15914	O Castro/Castro de Carras	Ordes	-8.406566862162741	43.02940987429921
wl-pos-pos-es-pba-15917	O Castro/Castro de Fonte da Viña	Ordes	-8.38251368549356	43.01779996688699
wl-pos-pos-es-pba-17408	O Castro/Castro de Mera	Ortigueira	-7.90524659521825	43.669729333417244
wl-pos-pos-es-pba-17668	Castro de Mirás	Outes	-8.958857534891752	42.84967734100133
wl-pos-pos-es-pba-27586	Casa Forte do Castronou de Eirís	Oza Cesuras	-8.170854703360163	43.2234525896818
wl-pos-pos-es-pba-27191	Castro de Braña	Oza-Cesuras	-8.286250952461423	43.130648893349246
wl-pos-pos-es-pba-27194	Castro de Carres/Castro de Vilar de Corna	Oza-Cesuras	-8.232517558579088	43.193811235582416
wl-pos-pos-es-pba-27225	Castro de Figueredo	Oza-Cesuras	-8.243903549529717	43.17076254040215
wl-pos-pos-es-pba-27226	Castro de Parada	Oza-Cesuras	-8.173945204883053	43.21731734629059
wl-pos-pos-es-pba-27228	Castro de Santalla	Oza-Cesuras	-8.24493180592333	43.17431815036588
wl-pos-pos-es-pba-18398	Monte do Castro/Monte da Barda	Ponteceso	-8.942375623962063	43.28632400302522
wl-pos-pos-es-pba-18426	Muíño do Castro	Ponteceso	-8.874676516631448	43.27042168217919
wl-pos-pos-es-pba-18525	O Castro/Castro de Nemeño	Ponteceso	-8.875494289328255	43.27298938865572
wl-pos-pos-es-pba-18633	Castro de Lestimoño	Ponteceso	-8.893321722168002	43.25342983933866
wl-pos-pos-es-pba-20591	Capela de San Roque no Castro de Samoedo	Sada	-8.270348967490676	43.33874102240699
wl-pos-pos-es-pba-20676	Vivenda no Castro	Sada	-8.269048862327683	43.339137923730696
wl-pos-pos-es-pba-20700	O Castro/Castro de Samoedo/Agra das Arcas	Sada	-8.273937885758757	43.331241396130515
wl-pos-pos-es-pba-20703	Os Cotos/Castro de Riovao	Sada	-8.267465483223722	43.3550502732436
wl-pos-pos-es-pba-20182	Castro de Currais	Santiago de Compostela	-8.488099701166187	42.977768393814685
wl-pos-pos-es-pba-20207	Castro de Marantes	Santiago de Compostela	-8.468805634801093	42.95237049259984
wl-pos-pos-es-pba-20209	Castro de San Fiz	Santiago de Compostela	-8.541741419898688	42.87923471538182
wl-pos-pos-es-pba-24090	Vivenda no Castro de Busto	Santiago de Compostela	-8.49010687502709	42.97712780948665
wl-pos-pos-es-pba-24152	Xacemento do Castro	Santiago de Compostela	-8.470459842543724	42.95306160464109
wl-pos-pos-es-pba-23977	Castro de Santó/A Orella	Sobrado	-8.000511575827742	43.089302400560776
wl-pos-pos-es-pba-24300	As Castronelas	Sobrado	-8.061092005454002	43.018235715025476
wl-pos-pos-es-pba-24953	Castro da Grela	Toques	-7.96617535013383	42.96257140995987
wl-pos-pos-es-pba-24985	Castro Pedro	Toques	-8.001762694716527	42.962612975067806
wl-pos-pos-es-pba-24987	Castronelas de Baamonde	Toques	-7.964070286049125	43.001997641819436
wl-pos-pos-es-pba-25083	A Medorra de Castro	Tordoia	-8.48931313614217	43.05748138577245
wl-pos-pos-es-pba-25225	O Castro	Tordoia	-8.4943284618169	43.060980363945426
wl-pos-pos-es-pba-24433	Castro de Erviñou	Val do Dubra	-8.641258469158469	43.04309609755372
wl-pos-pos-es-pba-25586	Os Castros/Castro de Castrobuxán	Vimianzo	-9.062353263134847	43.13940125261866
wl-pos-pos-es-pba-25686	Ermida de Castro Buxán	Vimianzo	-9.060781331554718	43.13904961177696
wl-pos-pos-es-pba-27160	Castro de Brandomil	Zas	-8.923095165660564	43.007396050933544
wl-pos-pos-es-pba-26686	Calvario da Igrexa de San Salvador do Castro de Ouro	Alfoz do Castrodouro	-7.408848509539907	43.52752494286184
wl-pos-pos-es-pba-26769	Núcleo do Castro de Ouro	Alfoz do Castrodouro	-7.408578442865036	43.52885378589801
wl-pos-pos-es-pba-26834	Pombal no Castro	Alfoz do Castrodouro	-7.407551977202598	43.52929869821118
wl-pos-pos-es-pba-26867	Castro da Croa	Alfoz do Castrodouro	-7.472326154695596	43.47476233560969
wl-pos-pos-es-pba-35656	Os Castros	As Nogais	-7.072724597137379	42.76658975587149
wl-pos-pos-es-pba-42400	As Croas/Os Castros	Baralla	-7.302231521447278	42.938289494039864
wl-pos-pos-es-pba-44431	Castro da Igrexa/Castro de Lebruxo	Baralla	-7.307157450191901	42.87777424382961
wl-pos-pos-es-pba-44435	Castro de Ferreiros/Os Castros/O Castro	Baralla	-7.282287825417523	42.90446260780128
wl-pos-pos-es-pba-44439	Castro de San Miguel/O Castro	Baralla	-7.20964916300438	42.918579354155426
wl-pos-pos-es-pba-44636	O Castro	Baralla	-7.2233201027826714	42.85562146577635
wl-pos-pos-es-pba-44141	Castro de Cabo Burela	Burela	-7.358061425058302	43.669933718560266
wl-pos-pos-es-pba-27911	Castro de Paderne	Castroverde	-7.4062522761218155	43.011076418190385
wl-pos-pos-es-pba-27969	A Croa de Souto de Torres	Castroverde	-7.3632028824019375	43.02533234721229
wl-pos-pos-es-pba-27970	A Croa de Souto de Torres	Castroverde	-7.363056077746301	43.02528839910099
wl-pos-pos-es-pba-29782	O Castro Marrondo	Castroverde	-7.31078771785962	43.00358858206376
wl-pos-pos-es-pba-28883	Castro da Roda	Folgoso do Courel	-7.058627954205693	42.57395664434782
wl-pos-pos-es-pba-28885	Castro de Ferramulín	Folgoso do Courel	-7.055162680434671	42.57498724659477
wl-pos-pos-es-pba-28917	Castro de Foz	Folgoso do Courel	-7.195703683368452	42.59706757533302
wl-pos-pos-es-pba-28920	Castro de Mogoxe/Castro de Megoxe	Folgoso do Courel	-7.175288094551707	42.62199932397348
wl-pos-pos-es-pba-28922	Castro de Parada	Folgoso do Courel	-7.136638923703309	42.62075329276619
wl-pos-pos-es-pba-28924	Castro de Santo Estevo	Folgoso do Courel	-7.1540608024230155	42.64690491087379
wl-pos-pos-es-pba-29030	Os Pitoucos do Castro	Folgoso do Courel	-7.093512471592517	42.642778781528214
wl-pos-pos-es-pba-29064	Castro de Vilamor	Folgoso do Courel	-7.2309965760998	42.56672753931841
wl-pos-pos-es-pba-31040	A Castronela	Friol	-7.725225804126314	42.999391557795846
wl-pos-pos-es-pba-31125	Castro de Gonce	Friol	-7.725764327537151	43.000784945912265
wl-pos-pos-es-pba-31552	Castro da Capela	Láncara	-7.350406336883751	42.90074744078272
wl-pos-pos-es-pba-31553	Castro da Carballeda	Láncara	-7.415176677486283	42.86585807660474
wl-pos-pos-es-pba-31586	Castro de Aixor	Láncara	-7.356918426040951	42.89499446729846
wl-pos-pos-es-pba-31653	Castro de Tallón	Láncara	-7.373300761479923	42.893655266395314
wl-pos-pos-es-pba-31656	Castro de Viládiga	Láncara	-7.322264296275438	42.796086066744124
wl-pos-pos-es-pba-34610	Castro/Castelo/Forcón	Meira	-7.198223411498721	43.23716298056053
wl-pos-pos-es-pba-33729	O Coto do Castro e O Cerrallón do Castro	Mondoñedo	-7.362184843896652	43.39997127267713
wl-pos-pos-es-pba-34283	Capela de Santiago no Castro	Mondoñedo	-7.327690736860815	43.41738938137687
wl-pos-pos-es-pba-34399	Castro de Lindín	Mondoñedo	-7.324609558383547	43.41593433653081
wl-pos-pos-es-pba-34428	Castro de Masma/Castro do Outeiro	Mondoñedo	-7.323198405673597	43.47940101718855
wl-pos-pos-es-pba-34434	Castros da Valiña	Mondoñedo	-7.378084794294249	43.39661735118367
wl-pos-pos-es-pba-29949	Castro de Airamonte	O Corgo	-7.4764294862758875	42.95860969045674
wl-pos-pos-es-pba-29989	Castro de Reveirao	O Corgo	-7.500944719123771	42.93190414526084
wl-pos-pos-es-pba-29991	Castro de Tras da Zorra	O Corgo	-7.475986642959782	42.94938415372611
wl-pos-pos-es-pba-32374	Castro de San Romao	O Incio	-7.3220138309901115	42.69843322244655
wl-pos-pos-es-pba-32379	Castro de Toldaos	O Incio	-7.366410357112348	42.68065681311101
wl-pos-pos-es-pba-37230	Castro de Moscán/A Croa de Moscán	O Páramo	-7.454417231248238	42.859710572702475
wl-pos-pos-es-pba-41663	Castro de Vilatán	O Saviñao	-7.675808671167054	42.605537625588354
wl-pos-pos-es-pba-37349	Castro de Amboade	Pantón	-7.693956812399293	42.53037980222071
wl-pos-pos-es-pba-37383	Castro de San Cibrao	Pantón	-7.595106061633467	42.57588091004263
wl-pos-pos-es-pba-37328	Praza con carballo en Castro	Paradela	-7.593198823246875	42.777413217802945
wl-pos-pos-es-pba-37537	Castro de San Mamede	Paradela	-7.592633148516721	42.77782425634237
wl-pos-pos-es-pba-37090	Castro de Chan da Pena/Chan do Castro	Pedrafita do Cebreiro	-7.078555867333421	42.66476694936792
wl-pos-pos-es-pba-37120	Castro do Paredón	Pedrafita do Cebreiro	-7.0660989593255525	42.65836922127171
wl-pos-pos-es-pba-38982	Castro de Valonga	Pol	-7.291911087294172	43.1477866120271
wl-pos-pos-es-pba-40974	Castro de Abaixo	Ribas de Sil	-7.354282592900135	42.45347372475819
wl-pos-pos-es-pba-40337	Castro/Castelo/Forcón	Ribeira de Piquín	-7.198226669963686	43.23716403499186
wl-pos-pos-es-pba-40345	O Castro	Ribeira de Piquín	-7.150231596596886	43.16957563560697
wl-pos-pos-es-pba-43411	Castro de Cuceiro	Vilalba	-7.751553548106817	43.279038540320315
wl-pos-pos-es-pba-43460	Castro de Xoibán	Vilalba	-7.625449059772301	43.19479437773794
wl-pos-pos-es-pba-43461	Castro dos Penedos	Vilalba	-7.747197452147233	43.27646828805489
wl-pos-pos-es-pba-30259	Castro de Vilacide/As Airas dos Mouros	Xermade	-7.760965634902409	43.38169631023519
wl-pos-pos-es-pba-30260	Castro de Vilacide/As Airas dos Mouros	Xermade	-7.760795090330153	43.38159888353917
wl-pos-pos-es-pba-52689	Necrópole de Outeiro do Castro	A Merca	-7.859912953806906	42.19035023485005
wl-pos-pos-es-pba-52723	Outeiro do Castro	A Merca	-7.858808410431908	42.19068860125021
wl-pos-pos-es-pba-53029	Castro do Outeiro de San Marcos	A Merca	-7.869954167077398	42.22526443281915
wl-pos-pos-es-pba-47773	Os Castros/A Teixeira 1	Carballeda de Valdeorras	-6.7739934506535135	42.31520445628813
wl-pos-pos-es-pba-46914	Castro de Outeiro de Doniz	Cartelle	-7.966495011437919	42.2248449459819
wl-pos-pos-es-pba-47192	Castro de Santa María de Castrelo	Castrelo de Miño	-8.115183037633225	42.290830978406106
wl-pos-pos-es-pba-47193	Castro do Outeiro	Castrelo de Miño	-8.114416408389387	42.292969539175026
wl-pos-pos-es-pba-51763	Castro dos Mouros	Laza	-7.505981304088275	42.08674707145956
wl-pos-pos-es-pba-51981	Núcleo do Castro	Laza	-7.4886632105235265	42.086073201201266
wl-pos-pos-es-pba-51155	Lápida da igrexa de Santa Eulalia de Castro	Maceda	-7.564002255603036	42.22888746265847
wl-pos-pos-es-pba-51192	Monte do Castro	Maceda	-7.687000906672776	42.29836002709609
wl-pos-pos-es-pba-50020	Castro de Eira dos Mouros	O Irixo	-8.132453327710566	42.48045145640502
wl-pos-pos-es-pba-55858	Xacemento medieval da Castronela de Vilamoure	Punxín	-8.009988067251912	42.39044678768959
wl-pos-pos-es-pba-60251	Castro Grande	Vilardevós	-7.359917649865559	41.86664952507192
wl-pos-pos-es-pba-63026	Muíño no Castro	A Caniza	-8.269193318469826	42.176810084896964
wl-pos-pos-es-pba-65325	Castro de Cividáns/O Castriño/Marduco	A Guarda	-8.862865264003267	41.913148560942396
wl-pos-pos-es-pba-68741	Coto de Castro/Castro de Pasqueixóns	As Neves	-8.399267644398057	42.16304858563434
wl-pos-pos-es-pba-60120	Coto do Castro de Belesar	Baiona	-8.827175812340649	42.09554802914685
wl-pos-pos-es-pba-60146	Monte do Castro	Barro	-8.628917355972069	42.5523437610994
wl-pos-pos-es-pba-60220	Xacemento do Monte do Castro II	Barro	-8.627738894581002	42.55017518916164
wl-pos-pos-es-pba-63361	Monte do Castro	Cangas	-8.760754995678875	42.27703072387386
wl-pos-pos-es-pba-78529	Os Castrelos	Cerdedo-Cotobade	-8.436626145149017	42.565049930700155
wl-pos-pos-es-pba-78566	Castro de Abaixo/Os Castros	Cerdedo-Cotobade	-8.43545123026507	42.56751355537783
wl-pos-pos-es-pba-78568	Castro de Arén	Cerdedo-Cotobade	-8.370752057397322	42.5362219538802
wl-pos-pos-es-pba-78662	Castro de Roda do Castro/Moa	Cerdedo-Cotobade	-8.435292128807273	42.5694307657431
wl-pos-pos-es-pba-64599	Castro de Castrolandín	Cuntis	-8.552261062479266	42.63680206061881
wl-pos-pos-es-pba-63992	Capela da Nosa Señora dos Remedios do Castro	Forcarei	-8.3362594029189	42.526580652685844
wl-pos-pos-es-pba-64063	Castro de Montes/Castro de Presqueiras	Forcarei	-8.336444137228975	42.5267366877602
wl-pos-pos-es-pba-64203	Fortaleza do Castro (ruínas)	Forcarei	-8.336581833445033	42.52717690151622
wl-pos-pos-es-pba-65822	Castro de Xián	Gondomar	-8.748263160261551	42.14204803710873
wl-pos-pos-es-pba-65860	Coto do Castro	Gondomar	-8.740307420738606	42.12463010934743
wl-pos-pos-es-pba-66227	Monte do Castro	Gondomar	-8.748127392111964	42.14300150704785
wl-pos-pos-es-pba-65425	Castro Daquil Lado/Castro de Soutolongo	Lalín	-8.15478695550623	42.638894205480376
wl-pos-pos-es-pba-65427	Castro de Bendoiro	Lalín	-8.17473576376968	42.677017666438836
wl-pos-pos-es-pba-66409	Castro de Lores	Meaño	-8.785628761776357	42.42920182323735
wl-pos-pos-es-pba-68134	Os Castros	Moaña	-8.753553829231025	42.27392106534075
wl-pos-pos-es-pba-68976	Castro da Xunqueira/Monte do Castro	Nigrán	-8.805388275237515	42.11547923419567
wl-pos-pos-es-pba-68981	Castro de Priegue	Nigrán	-8.7880613246692	42.15810878293649
wl-pos-pos-es-pba-69049	Castro do Castelo/Outeiro dos Mouros / Pico Castelo	Nigrán	-8.762222455128114	42.134044211341084
wl-pos-pos-es-pba-69050	Catro de Priegue/Monte do Castro	Nigrán	-8.787893068214801	42.158407320971996
wl-pos-pos-es-pba-71371	Castro de Portela/O Castro	O Rosal	-8.797967068896412	41.93207166697112
wl-pos-pos-es-pba-71372	Castro do Pombal	O Rosal	-8.799653535954144	41.92942844711224
wl-pos-pos-es-pba-68784	Castro de Amoedo	Pazos de Borbén	-8.539130294272846	42.295292413209715
wl-pos-pos-es-pba-68785	Castro do Coto do Cristo/Castro Monte de Cristos	Pazos de Borbén	-8.53601544028677	42.2930919565556
wl-pos-pos-es-pba-77840	Ermida e Castelo do Monte Castrove	Poio	-8.700997245920215	42.481885669587626
wl-pos-pos-es-pba-76381	Xacemento da capela e castro de San Amaro	Ponteareas	-8.475727946250027	42.152355525739445
wl-pos-pos-es-pba-69614	Castro	Pontevedra	-8.647312468991412	42.41059383623295
wl-pos-pos-es-pba-69686	Castro	Salvaterra de Miño	-8.476384777174543	42.12890307743764
wl-pos-pos-es-pba-69689	Castro de Eido Vello	Salvaterra de Miño	-8.484894308153978	42.12842822836776
wl-pos-pos-es-pba-69692	Castro de Lira/Alto de San Amaro	Salvaterra de Miño	-8.473371416943625	42.15284617117849
wl-pos-pos-es-pba-69823	Castro/As Regueiras/As Antas/Eido Vello	Salvaterra de Miño	-8.469940310031575	42.08482289236364
wl-pos-pos-es-pba-70672	Os Castros/Penedos dos Mouros	Salvaterra de Miño	-8.481202937597352	42.12723889641373
wl-pos-pos-es-pba-69983	Agra dos Castros	Silleda	-8.248787789380218	42.71393196950959
wl-pos-pos-es-pba-70268	Castro de Cartimil	Silleda	-8.236061741930094	42.672383479592305
wl-pos-pos-es-pba-70407	Castro de San Mamede	Silleda	-8.248626049275524	42.71893398315106
wl-pos-pos-es-pba-71137	Castro da Devesa de Rebadillo	Tomiño	-8.779207365323577	41.95640939999904
wl-pos-pos-es-pba-71140	Castro de Soutelo	Tomiño	-8.779049162161924	41.9562834914118
wl-pos-pos-es-pba-70320	Castro da Granxa	Tui	-8.644526534321228	42.061572074928954
wl-pos-pos-es-pba-70449	Castro de Ribadelouro	Tui	-8.651269978415593	42.089023745481036
wl-pos-pos-es-pba-73434	Castro das Cortinallas	Valga	-8.664214202146052	42.71774077335776
wl-pos-pos-es-pba-75292	Castro de Brandariz	Vila de Cruces	-8.308297561157145	42.81213161170417
wl-pos-pos-es-pba-75425	Castro de Xordedo/Os Castros	Vila de Cruces	-8.1883684269749	42.84029223372135
wl-pos-pos-es-pba-75579	Castro de San Xoán	Vilanova de Arousa	-8.726818200979553	42.56642720108991
wl-pos-pos-pt-dgpc-109794	Chã do Castro/ Portela da Joubreia	Amares	-8.367672029587002	41.6483949657454
wl-pos-pos-pt-dgpc-107516	Braga - Cividade	Braga	-8.429747845129045	41.54544202908791
wl-pos-pos-pt-dgpc-107539	Braga - Termas Romanas de Maximinos/ Alto da Cividade/ Colina de Maximinos	Braga	-8.429089023324988	41.54609898557247
wl-pos-pos-pt-dgpc-108602	Torre Velha de Castro de Avelãs	Bragança	-6.8060670025937124	41.796567931916904
wl-pos-pos-pt-dgpc-108603	Ara 1 de Castro de Avelãs	Bragança	-6.8060670025937124	41.796567931916904
wl-pos-pos-pt-dgpc-108634	Mosteiro de Castro de Avelãs	Bragança	-6.804336582949994	41.79879868294752
wl-pos-pos-pt-dgpc-108635	Ara 2 de Castro de Avelãs	Bragança	-6.804336582949994	41.79879868294752
wl-pos-pos-pt-dgpc-108640	Inscrição de Castro de Avelãs	Bragança	-6.8045752977511	41.79889147267567
wl-pos-pos-pt-dgpc-108644	Ara 3 de Castro de Avelãs	Bragança	-6.805891026716784	41.79926679529511
wl-pos-pos-pt-dgpc-108195	Castro de Arnade	Vinhais	-6.932859597459606	41.861883268052985
wl-pos-pos-pt-dgpc-108573	Castelo do Castro Laboreiro	Melgaço	-8.158363122036318	42.0228150809579
wl-pos-pos-pt-dgpc-109980	Castro de Quintão	Ponte da Barca	-8.382585026955029	41.787723522204686
wl-pos-pos-pt-dgpc-109305	Muradal/Castro	Chaves	-7.506520957670908	41.62389416220089
wl-pos-pos-pt-dgpc-109308	Castro de Loivos/Castro de Muradal	Chaves	-7.504959393389308	41.62406571893852
wl-pos-pos-es-pba-9469	Pombal cadrado en Castro	Dodro	-8.72197639325666	42.71967125636917
wl-pos-pos-es-pba-9493	Castro de Imo	Dodro	-8.722018271040492	42.71657955346216
wl-pos-pos-es-pba-9496	Conxunto de Castro	Dodro	-8.72071779148683	42.719812282778975
wl-pos-pos-es-pba-13938	O Castro	Mugardos	-8.240014290263431	43.45753376889759
wl-pos-pos-es-pba-15668	Castro da Chousa dos Cravo	Oroso	-8.372273387187299	42.97805609158682
wl-pos-pos-es-pba-15669	Castro de Bouzalonga	Oroso	-8.408247497157252	43.02177985439058
wl-pos-pos-es-pba-15715	O Castro	Oroso	-8.374423011961296	42.97777618390569
wl-pos-pos-es-pba-15719	O Castro/O Castro de Piñeirón	Oroso	-8.411477426346469	42.970465482550196
wl-pos-pos-es-pba-20611	Castro do Coto de Ferreira	Rois	-8.74774175641022	42.818499989427806
wl-pos-pos-es-pba-24421	Medorra de Lañas/O Castro Grande/A Medorra	Touro	-8.271432385030025	42.88926127313282
wl-pos-pos-es-pba-25035	Castro de Lañas	Touro	-8.269217514668117	42.88974384945449
wl-pos-pos-es-pba-30753	Castro de Marful	A Fonsagrada	-7.0354713797358555	43.050779964847315
wl-pos-pos-es-pba-30757	Castro de San Martiño de Robledo/Cerro do Castro	A Fonsagrada	-7.089853838964351	43.2324548986541
wl-pos-pos-es-pba-30791	Castro do Medio	A Fonsagrada	-7.075210586502403	43.0653069523313
wl-pos-pos-es-pba-31109	O Castro	A Fonsagrada	-7.064241079991639	43.17840502531713
wl-pos-pos-es-pba-31114	O Castro	A Fonsagrada	-7.150227824392279	43.169573243331
wl-pos-pos-es-pba-31176	Capela de San Xoán Degolado en Castro	A Fonsagrada	-7.077247456700112	43.105493302301895
wl-pos-pos-es-pba-28584	Castro da Roda	Barreiros	-7.193713469296093	43.561334246470715
wl-pos-pos-es-pba-28733	O Castro	Barreiros	-7.22652655882318	43.49768971762742
wl-pos-pos-es-pba-28833	Castro de San Sebastián	Chantada	-7.787998531461805	42.58712268626072
wl-pos-pos-es-pba-29391	Castro da Eirexa	Chantada	-7.737286872960615	42.60391612362082
wl-pos-pos-es-pba-30079	Castro das Modias	Guitiriz	-7.830262543621984	43.244200368607416
wl-pos-pos-es-pba-43024	Castro de Suaigrexa	O Vicedo	-7.657105407931529	43.737789172119236
wl-pos-pos-es-pba-36113	Castro do Pazo/O Castro	Outeiro de Rei	-7.66922594771911	43.06458555321126
wl-pos-pos-es-pba-46071	Coto do Castro	Beade	-8.131303184393992	42.32573123250317
wl-pos-pos-es-pba-46138	O Castro/A Forxa/Posible asentamento castrexo A Forxa	Beade	-8.13161485563647	42.32434423432295
wl-pos-pos-es-pba-46139	O Castro/A Mourisca/Xacemento do Castro de Beade	Beade	-8.130357357032018	42.32512330754117
wl-pos-pos-es-pba-46140	O Castro/Sartego antropomorfo do Castro	Beade	-8.130668145915354	42.32378210273757
wl-pos-pos-es-pba-47216	Castro de Cabanca	Castrelo do Val	-7.433946605559705	41.98857316413985
wl-pos-pos-es-pba-58796	Castro do Castelo	Viana do Bolo	-7.09276106659401	42.17492701935362
wl-pos-pos-es-pba-50798	Os Castros	Xinzo de Limia	-7.691766418642054	42.06769143866022
wl-pos-pos-es-pba-50829	Outeiro dos Castros/Os Castros	Xinzo de Limia	-7.697013324407993	42.06697407025712
wl-pos-pos-es-pba-63088	Castro da Cidade/Castro das Achas	A Cañiza	-8.290001334311073	42.22116690307092
wl-pos-pos-es-pba-64727	Castro Lóbrigo	A Estrada	-8.34820096675144	42.75364922746449
wl-pos-pos-es-pba-62622	Castro da Pastora	Cambados	-8.80629025111444	42.51202213913624
wl-pos-pos-es-pba-63965	Castro da Devesiña	Campo Lameiro	-8.553165205254059	42.53525283476263
wl-pos-pos-es-pba-63972	Castro do Coto de Penalba	Campo Lameiro	-8.552553449091684	42.54272463371982
wl-pos-pos-es-pba-66619	Ermida e Castelo do Monte Castrove	Meis	-8.702819451305215	42.48248479801781
wl-pos-pos-es-pba-69286	Castro da Curuta	Oia	-8.875420784283772	42.04074653834541
wl-pos-pos-es-pba-69287	Castro das Chans	Oia	-8.875821230854493	42.047052408457645
wl-pos-pos-es-pba-69292	Castro de Mougás/O Crasto	Oia	-8.873630702842346	42.04729664956693
wl-pos-pos-es-pba-70342	Castro do Monte do Porto	Pontecesures	-8.659569754049679	42.71683713741028
wl-pos-pos-es-pba-70808	Castro do Coto das Caldeiriñas	Salceda de Caselas	-8.568519004218278	42.08815965745929
wl-pos-pos-es-pba-70947	Castro do Monte das Coruxeiras	Salceda de Caselas	-8.560392024488124	42.112522986665965
wl-pos-pos-pt-dgpc-108844	Castro de Baixo	Ponte de Lima	-8.595410147524817	41.83480374239592
wl-pos-pos-pt-dgpc-108862	Castro de Cima	Ponte de Lima	-8.591208332393492	41.836441169601144
wl-pos-pos-pt-dgpc-109894	Castro de Mouril 2	Boticas	-7.610378621892526	41.653133790062924
wl-pos-pos-pt-dgpc-109898	Castro de Mouril 1	Boticas	-7.611156720404171	41.6534074249115
wl-pos-pos-pt-dgpc-109003	Cividade	Valpaços	-7.304598226517649	41.66889478984631
