thumbnail_id	control_set_id	bank_id	review_role	country	name	wms_source	wms_base	wms_layer	bbox_epsg4326	width_px	height_px	thumbnail_path	status	bytes	error
thumb-v1-0001	control-v1-0001	pos-es-pba-25736	positive	ES	Igrexa Vella (Citania de Vilaseco)/Castro de Lavandeira	ign_pnoa_rgb	https://www.ign.es/wms-inspire/pnoa-ma	OI.OrthoimageCoverage	-9.06208364,43.05867426,-9.05578857,43.06327362	384	384	data/morphology-autoreview-v1/thumbnails/positive/control-v1-0001-pos-es-pba-25736.png	exists	648559	
thumb-v1-0002	control-v1-0002	pos-es-pba-41533	positive	ES	Castro da Cividade	ign_pnoa_rgb	https://www.ign.es/wms-inspire/pnoa-ma	OI.OrthoimageCoverage	-7.61721807,42.38888794,-7.61099060,42.39348730	384	384	data/morphology-autoreview-v1/thumbnails/positive/control-v1-0002-pos-es-pba-41533.png	exists	696979	
thumb-v1-0003	control-v1-0003	pos-es-pba-52266	positive	ES	Castelo das Chás/Citania das Laxes das Chás/A Cerca/Castro de Lobarz n	ign_pnoa_rgb	https://www.ign.es/wms-inspire/pnoa-ma	OI.OrthoimageCoverage	-7.49626032,41.91458584,-7.49007934,41.91918519	384	384	data/morphology-autoreview-v1/thumbnails/positive/control-v1-0003-pos-es-pba-52266.png	exists	679056	
thumb-v1-0004	control-v1-0004	pos-es-pba-67838	positive	ES	Castro da Cividade/A Cidá	ign_pnoa_rgb	https://www.ign.es/wms-inspire/pnoa-ma	OI.OrthoimageCoverage	-8.60324076,42.22064005,-8.59702991,42.22523940	384	384	data/morphology-autoreview-v1/thumbnails/positive/control-v1-0004-pos-es-pba-67838.png	exists	686082	
thumb-v1-0005	control-v1-0005	pos-es-pba-69291	positive	ES	Castro de Cividade/Castro de Viladesuso	ign_pnoa_rgb	https://www.ign.es/wms-inspire/pnoa-ma	OI.OrthoimageCoverage	-8.87324710,42.03274512,-8.86705465,42.03734447	384	384	data/morphology-autoreview-v1/thumbnails/positive/control-v1-0005-pos-es-pba-69291.png	exists	653261	
thumb-v1-0006	control-v1-0006	pos-pt-dgpc-107359	positive	PT	Monte da Saia / Cidade da Citânia / Monte de Fralães	dgt_ortos2021_rgb	https://cartografia.dgterritorio.gov.pt/wms/ortos2021	Ortos2021-RGB	-8.58763691,41.45377143,-8.58150005,41.45837079	384	384	data/morphology-autoreview-v1/thumbnails/positive/control-v1-0006-pos-pt-dgpc-107359.png	exists	253996	
thumb-v1-0007	control-v1-0007	pos-pt-dgpc-107516	positive	PT	Braga - Cividade	dgt_ortos2021_rgb	https://cartografia.dgterritorio.gov.pt/wms/ortos2021	Ortos2021-RGB	-8.43282051,41.54314235,-8.42667518,41.54774171	384	384	data/morphology-autoreview-v1/thumbnails/positive/control-v1-0007-pos-pt-dgpc-107516.png	exists	233016	
thumb-v1-0008	control-v1-0008	pos-pt-dgpc-107461	positive	PT	Outeiro dos Moiros / Cividade de Chacim	dgt_ortos2021_rgb	https://cartografia.dgterritorio.gov.pt/wms/ortos2021	Ortos2021-RGB	-7.96004772,41.53258838,-7.95390339,41.53718773	384	384	data/morphology-autoreview-v1/thumbnails/positive/control-v1-0008-pos-pt-dgpc-107461.png	exists	248860	
thumb-v1-0009	control-v1-0009	pos-pt-dgpc-107784	positive	PT	Cividade de Belinho/Cidade de Belinho	dgt_ortos2021_rgb	https://cartografia.dgterritorio.gov.pt/wms/ortos2021	Ortos2021-RGB	-8.77994916,41.59745223,-8.77379865,41.60205158	384	384	data/morphology-autoreview-v1/thumbnails/positive/control-v1-0009-pos-pt-dgpc-107784.png	exists	230399	
thumb-v1-0010	control-v1-0010	pos-pt-dgpc-107424	positive	PT	Citânia de Briteiros	dgt_ortos2021_rgb	https://cartografia.dgterritorio.gov.pt/wms/ortos2021	Ortos2021-RGB	-8.31891384,41.52537308,-8.31277019,41.52997244	384	384	data/morphology-autoreview-v1/thumbnails/positive/control-v1-0010-pos-pt-dgpc-107424.png	exists	250791	
thumb-v1-0011	control-v1-0011	pos-pt-dgpc-107222	positive	PT	Cividade	dgt_ortos2021_rgb	https://cartografia.dgterritorio.gov.pt/wms/ortos2021	Ortos2021-RGB	-8.42936348,41.44230954,-8.42322770,41.44690889	384	384	data/morphology-autoreview-v1/thumbnails/positive/control-v1-0011-pos-pt-dgpc-107222.png	exists	231589	
thumb-v1-0012	control-v1-0012	pos-pt-dgpc-109406	positive	PT	Citânia de São Julião de Caldelas	dgt_ortos2021_rgb	https://cartografia.dgterritorio.gov.pt/wms/ortos2021	Ortos2021-RGB	-8.39664518,41.68671724,-8.39048614,41.69131659	384	384	data/morphology-autoreview-v1/thumbnails/positive/control-v1-0012-pos-pt-dgpc-109406.png	exists	246839	
thumb-v1-0013	control-v1-0013	pos-pt-dgpc-106425	positive	PT	Citânia de Sanfins	dgt_ortos2021_rgb	https://cartografia.dgterritorio.gov.pt/wms/ortos2021	Ortos2021-RGB	-8.38939636,41.32085201,-8.38327203,41.32545137	384	384	data/morphology-autoreview-v1/thumbnails/positive/control-v1-0013-pos-pt-dgpc-106425.png	exists	250142	
thumb-v1-0014	control-v1-0014	pos-pt-dgpc-106725	positive	PT	Cividade de Terroso	dgt_ortos2021_rgb	https://cartografia.dgterritorio.gov.pt/wms/ortos2021	Ortos2021-RGB	-8.72464002,41.41056356,-8.71850724,41.41516291	384	384	data/morphology-autoreview-v1/thumbnails/positive/control-v1-0014-pos-pt-dgpc-106725.png	exists	234272	
thumb-v1-0015	control-v1-0015	pos-pt-dgpc-107033	positive	PT	Castro de Bagunte/ Monte da Cividade/ Cividade de Bagunte	dgt_ortos2021_rgb	https://cartografia.dgterritorio.gov.pt/wms/ortos2021	Ortos2021-RGB	-8.65862245,41.38135004,-8.65249243,41.38594939	384	384	data/morphology-autoreview-v1/thumbnails/positive/control-v1-0015-pos-pt-dgpc-107033.png	exists	253911	
thumb-v1-0016	control-v1-0016	pos-pt-dgpc-108405	positive	PT	Cividade de Cossourado	dgt_ortos2021_rgb	https://cartografia.dgterritorio.gov.pt/wms/ortos2021	Ortos2021-RGB	-8.64030834,41.91335584,-8.63412749,41.91795519	384	384	data/morphology-autoreview-v1/thumbnails/positive/control-v1-0016-pos-pt-dgpc-108405.png	exists	246833	
thumb-v1-0017	control-v1-0017	pos-pt-dgpc-109676	positive	PT	Citânia de Santa Luzia	dgt_ortos2021_rgb	https://cartografia.dgterritorio.gov.pt/wms/ortos2021	Ortos2021-RGB	-8.83856369,41.70253942,-8.83240314,41.70713877	384	384	data/morphology-autoreview-v1/thumbnails/positive/control-v1-0017-pos-pt-dgpc-109676.png	exists	245169	
thumb-v1-0018	control-v1-0018	pos-pt-dgpc-108502	positive	PT	Cividade de Cornes	dgt_ortos2021_rgb	https://cartografia.dgterritorio.gov.pt/wms/ortos2021	Ortos2021-RGB	-8.68380718,41.95357985,-8.67762243,41.95817920	384	384	data/morphology-autoreview-v1/thumbnails/positive/control-v1-0018-pos-pt-dgpc-108502.png	exists	240323	
thumb-v1-0019	control-v1-0019	pos-pt-dgpc-109702	positive	PT	Castro de Vilanova/Alto da Cividade	dgt_ortos2021_rgb	https://cartografia.dgterritorio.gov.pt/wms/ortos2021	Ortos2021-RGB	-7.41216990,41.63935371,-7.40601540,41.64395306	384	384	data/morphology-autoreview-v1/thumbnails/positive/control-v1-0019-pos-pt-dgpc-109702.png	exists	253978	
thumb-v1-0020	control-v1-0020	pos-pt-dgpc-107515	positive	PT	Braga - Cividade de Baixo	dgt_ortos2021_rgb	https://cartografia.dgterritorio.gov.pt/wms/ortos2021	Ortos2021-RGB	-8.43246014,41.54296321,-8.42631482,41.54756256	384	384	data/morphology-autoreview-v1/thumbnails/positive/control-v1-0020-pos-pt-dgpc-107515.png	exists	231437	
thumb-v1-0021	control-v1-0021	pos-pt-dgpc-108140	positive	PT	Citânia de Sabroso	dgt_ortos2021_rgb	https://cartografia.dgterritorio.gov.pt/wms/ortos2021	Ortos2021-RGB	-8.34462163,41.50930265,-8.33847950,41.51390200	384	384	data/morphology-autoreview-v1/thumbnails/positive/control-v1-0021-pos-pt-dgpc-108140.png	exists	236653	
thumb-v1-0022	control-v1-0022	pos-pt-dgpc-109989	positive	PT	Cividade de Âncora	dgt_ortos2021_rgb	https://cartografia.dgterritorio.gov.pt/wms/ortos2021	Ortos2021-RGB	-8.85798613,41.78434864,-8.85181773,41.78894799	384	384	data/morphology-autoreview-v1/thumbnails/positive/control-v1-0022-pos-pt-dgpc-109989.png	exists	255905	
thumb-v1-0023	control-v1-0023	pos-pt-dgpc-109003	positive	PT	Cividade	dgt_ortos2021_rgb	https://cartografia.dgterritorio.gov.pt/wms/ortos2021	Ortos2021-RGB	-7.30767678,41.66659511,-7.30151967,41.67119447	384	384	data/morphology-autoreview-v1/thumbnails/positive/control-v1-0023-pos-pt-dgpc-109003.png	exists	238246	
thumb-v1-0024	control-v1-0024	pos-pt-dgpc-107539	positive	PT	Braga - Termas Romanas de Maximinos/ Alto da Cividade/ Colina de Maximinos	dgt_ortos2021_rgb	https://cartografia.dgterritorio.gov.pt/wms/ortos2021	Ortos2021-RGB	-8.43216172,41.54379931,-8.42601632,41.54839866	384	384	data/morphology-autoreview-v1/thumbnails/positive/control-v1-0024-pos-pt-dgpc-107539.png	exists	232289	
thumb-v1-0025	control-v1-0025	pos-es-pba-17047	positive	ES	A Croa do Castro/A Croa de Posmarcos	ign_pnoa_rgb	https://www.ign.es/wms-inspire/pnoa-ma	OI.OrthoimageCoverage	-8.93060263,42.63059704,-8.92435103,42.63519639	384	384	data/morphology-autoreview-v1/thumbnails/positive/control-v1-0025-pos-es-pba-17047.png	exists	628852	
thumb-v1-0026	control-v1-0026	pos-es-pba-687	positive	ES	Castro da ermida de San Marcos	ign_pnoa_rgb	https://www.ign.es/wms-inspire/pnoa-ma	OI.OrthoimageCoverage	-8.64007487,42.90555397,-8.63379546,42.91015332	384	384	data/morphology-autoreview-v1/thumbnails/positive/control-v1-0026-pos-es-pba-687.png	exists	643368	
thumb-v1-0027	control-v1-0027	pos-es-pba-1862	positive	ES	Castro de Punta Mourón ou Punta Caamouco	ign_pnoa_rgb	https://www.ign.es/wms-inspire/pnoa-ma	OI.OrthoimageCoverage	-8.21851137,43.41740533,-8.21217912,43.42200469	384	384	data/morphology-autoreview-v1/thumbnails/positive/control-v1-0027-pos-es-pba-1862.png	exists	460255	
thumb-v1-0028	control-v1-0028	pos-es-pba-1722	positive	ES	Castro do Cabo Cociñadoiro	ign_pnoa_rgb	https://www.ign.es/wms-inspire/pnoa-ma	OI.OrthoimageCoverage	-8.50209806,43.35103975,-8.49577274,43.35563910	384	384	data/morphology-autoreview-v1/thumbnails/positive/control-v1-0028-pos-es-pba-1722.png	exists	553846	
thumb-v1-0029	control-v1-0029	pos-es-pba-2042	positive	ES	A Roda do Castro de Maroxo	ign_pnoa_rgb	https://www.ign.es/wms-inspire/pnoa-ma	OI.OrthoimageCoverage	-8.15873168,42.89028433,-8.15245382,42.89488368	384	384	data/morphology-autoreview-v1/thumbnails/positive/control-v1-0029-pos-es-pba-2042.png	exists	645825	
thumb-v1-0030	control-v1-0030	pos-es-pba-1275	positive	ES	Castro de Santa Marta de Babío	ign_pnoa_rgb	https://www.ign.es/wms-inspire/pnoa-ma	OI.OrthoimageCoverage	-8.26596206,43.30460316,-8.25964158,43.30920251	384	384	data/morphology-autoreview-v1/thumbnails/positive/control-v1-0030-pos-es-pba-1275.png	exists	695771	
thumb-v1-0031	control-v1-0031	pos-es-pba-2764	positive	ES	Castro de Marco de Arriba	ign_pnoa_rgb	https://www.ign.es/wms-inspire/pnoa-ma	OI.OrthoimageCoverage	-8.16522120,42.98003484,-8.15893419,42.98463420	384	384	data/morphology-autoreview-v1/thumbnails/positive/control-v1-0031-pos-es-pba-2764.png	exists	549011	
thumb-v1-0032	control-v1-0032	pos-es-pba-2609	positive	ES	Igrexa de Castro (Parroquial de Santa María)	ign_pnoa_rgb	https://www.ign.es/wms-inspire/pnoa-ma	OI.OrthoimageCoverage	-8.87578160,42.61952212,-8.86953112,42.62412147	384	384	data/morphology-autoreview-v1/thumbnails/positive/control-v1-0032-pos-es-pba-2609.png	exists	696569	
thumb-v1-0033	control-v1-0033	pos-es-pba-4275	positive	ES	Campo da Romaría de San Fins de Castro	ign_pnoa_rgb	https://www.ign.es/wms-inspire/pnoa-ma	OI.OrthoimageCoverage	-8.92674830,43.20307906,-8.92043834,43.20767842	384	384	data/morphology-autoreview-v1/thumbnails/positive/control-v1-0033-pos-es-pba-4275.png	exists	672965	
thumb-v1-0034	control-v1-0034	pos-es-pba-3723	positive	ES	Punta do Castro	ign_pnoa_rgb	https://www.ign.es/wms-inspire/pnoa-ma	OI.OrthoimageCoverage	-9.17817226,43.13557804,-9.17186928,43.14017739	384	384	data/morphology-autoreview-v1/thumbnails/positive/control-v1-0034-pos-es-pba-3723.png	exists	494324	
thumb-v1-0035	control-v1-0035	pos-es-pba-27149	positive	ES	Castro de Cariño/Punta do Castro	ign_pnoa_rgb	https://www.ign.es/wms-inspire/pnoa-ma	OI.OrthoimageCoverage	-7.86897227,43.73884154,-7.86260612,43.74344090	384	384	data/morphology-autoreview-v1/thumbnails/positive/control-v1-0035-pos-es-pba-27149.png	exists	658717	
thumb-v1-0036	control-v1-0036	pos-es-pba-5561	positive	ES	Castro Sete (San Martiño de Cerdido)	ign_pnoa_rgb	https://www.ign.es/wms-inspire/pnoa-ma	OI.OrthoimageCoverage	-7.98069838,43.59213041,-7.97434777,43.59672977	384	384	data/morphology-autoreview-v1/thumbnails/positive/control-v1-0036-pos-es-pba-5561.png	exists	659789	
thumb-v1-0037	control-v1-0037	pos-es-pba-9621	positive	ES	Castro de Castromar	ign_pnoa_rgb	https://www.ign.es/wms-inspire/pnoa-ma	OI.OrthoimageCoverage	-9.12902582,42.91112458,-9.12274584,42.91572394	384	384	data/morphology-autoreview-v1/thumbnails/positive/control-v1-0037-pos-es-pba-9621.png	exists	687122	
thumb-v1-0038	control-v1-0038	pos-es-pba-9183	positive	ES	Castro de Marmancón/Castro de Papoi	ign_pnoa_rgb	https://www.ign.es/wms-inspire/pnoa-ma	OI.OrthoimageCoverage	-8.25230111,43.53733328,-8.24595628,43.54193263	384	384	data/morphology-autoreview-v1/thumbnails/positive/control-v1-0038-pos-es-pba-9183.png	exists	662522	
thumb-v1-0039	control-v1-0039	pos-es-pba-9894	positive	ES	Castro de Punta Sardiñeiro	ign_pnoa_rgb	https://www.ign.es/wms-inspire/pnoa-ma	OI.OrthoimageCoverage	-9.23729691,42.92556559,-9.23101546,42.93016494	384	384	data/morphology-autoreview-v1/thumbnails/positive/control-v1-0039-pos-es-pba-9894.png	exists	430674	
thumb-v1-0040	control-v1-0040	pos-es-pba-11754	positive	ES	Castro de San Amaro	ign_pnoa_rgb	https://www.ign.es/wms-inspire/pnoa-ma	OI.OrthoimageCoverage	-8.28312741,43.03850351,-8.27683441,43.04310287	384	384	data/morphology-autoreview-v1/thumbnails/positive/control-v1-0040-pos-es-pba-11754.png	exists	505883	
thumb-v1-0041	control-v1-0041	pos-es-pba-12763	positive	ES	Castro de Entretorres/Castro de Punta Galeana	ign_pnoa_rgb	https://www.ign.es/wms-inspire/pnoa-ma	OI.OrthoimageCoverage	-8.85853922,43.31729620,-8.85221742,43.32189555	384	384	data/morphology-autoreview-v1/thumbnails/positive/control-v1-0041-pos-es-pba-12763.png	exists	672249	
thumb-v1-0042	control-v1-0042	pos-es-pba-12426	positive	ES	Castro de Marrás/O Convento	ign_pnoa_rgb	https://www.ign.es/wms-inspire/pnoa-ma	OI.OrthoimageCoverage	-8.08546516,42.95358551,-8.07918084,42.95818486	384	384	data/morphology-autoreview-v1/thumbnails/positive/control-v1-0042-pos-es-pba-12426.png	exists	635883	
thumb-v1-0043	control-v1-0043	pos-es-pba-13836	positive	ES	Casa reitoral de Santa María de Castro	ign_pnoa_rgb	https://www.ign.es/wms-inspire/pnoa-ma	OI.OrthoimageCoverage	-8.20138004,43.35704693,-8.19505409,43.36164628	384	384	data/morphology-autoreview-v1/thumbnails/positive/control-v1-0043-pos-es-pba-13836.png	exists	706141	
thumb-v1-0044	control-v1-0044	pos-es-pba-14517	positive	ES	Casa reitoral de Santa María de Castro	ign_pnoa_rgb	https://www.ign.es/wms-inspire/pnoa-ma	OI.OrthoimageCoverage	-8.18052019,43.54132531,-8.17417494,43.54592466	384	384	data/morphology-autoreview-v1/thumbnails/positive/control-v1-0044-pos-es-pba-14517.png	exists	671545	
thumb-v1-0045	control-v1-0045	pos-es-pba-14227	positive	ES	Castro de Guimaráns/Alto dos Castros	ign_pnoa_rgb	https://www.ign.es/wms-inspire/pnoa-ma	OI.OrthoimageCoverage	-8.80753923,42.93741970,-8.80125657,42.94201905	384	384	data/morphology-autoreview-v1/thumbnails/positive/control-v1-0045-pos-es-pba-14227.png	exists	618721	
thumb-v1-0046	control-v1-0046	pos-es-pba-16735	positive	ES	Casa reitoral de Santa María de Castrofeito	ign_pnoa_rgb	https://www.ign.es/wms-inspire/pnoa-ma	OI.OrthoimageCoverage	-8.40235827,42.91681732,-8.39607771,42.92141668	384	384	data/morphology-autoreview-v1/thumbnails/positive/control-v1-0046-pos-es-pba-16735.png	exists	617517	
thumb-v1-0047	control-v1-0047	pos-es-pba-15425	positive	ES	Castro de Punta Roza	ign_pnoa_rgb	https://www.ign.es/wms-inspire/pnoa-ma	OI.OrthoimageCoverage	-8.32147211,43.39871238,-8.31514182,43.40331173	384	384	data/morphology-autoreview-v1/thumbnails/positive/control-v1-0047-pos-es-pba-15425.png	exists	661842	
thumb-v1-0048	control-v1-0048	pos-es-pba-15375	positive	ES	O Castro/Castro de Pumariño	ign_pnoa_rgb	https://www.ign.es/wms-inspire/pnoa-ma	OI.OrthoimageCoverage	-8.44916297,43.05833985,-8.44286794,43.06293921	384	384	data/morphology-autoreview-v1/thumbnails/positive/control-v1-0048-pos-es-pba-15375.png	exists	637445	
thumb-v1-0049	control-v1-0049	pos-es-pba-17473	positive	ES	Castro de Punta do Tallo	ign_pnoa_rgb	https://www.ign.es/wms-inspire/pnoa-ma	OI.OrthoimageCoverage	-7.82569968,43.71208273,-7.81933638,43.71668208	384	384	data/morphology-autoreview-v1/thumbnails/positive/control-v1-0049-pos-es-pba-17473.png	exists	650636	
thumb-v1-0050	control-v1-0050	pos-es-pba-24674	positive	ES	Castro da Punta do Vico	ign_pnoa_rgb	https://www.ign.es/wms-inspire/pnoa-ma	OI.OrthoimageCoverage	-8.15086051,43.62000863,-8.14450696,43.62460799	384	384	data/morphology-autoreview-v1/thumbnails/positive/control-v1-0050-pos-es-pba-24674.png	exists	653386	
thumb-v1-0051	control-v1-0051	pos-es-pba-30753	positive	ES	Castro de Marful	ign_pnoa_rgb	https://www.ign.es/wms-inspire/pnoa-ma	OI.OrthoimageCoverage	-7.03861839,43.04848029,-7.03232437,43.05307964	384	384	data/morphology-autoreview-v1/thumbnails/positive/control-v1-0051-pos-es-pba-30753.png	exists	683258	
thumb-v1-0052	control-v1-0052	pos-es-pba-38457	positive	ES	Castro de Santa Mariña/Castrosante	ign_pnoa_rgb	https://www.ign.es/wms-inspire/pnoa-ma	OI.OrthoimageCoverage	-7.40732119,42.57705400,-7.40107496,42.58165336	384	384	data/morphology-autoreview-v1/thumbnails/positive/control-v1-0052-pos-es-pba-38457.png	exists	639705	
thumb-v1-0053	control-v1-0053	pos-es-pba-27022	positive	ES	Castro de Santa Mariña	ign_pnoa_rgb	https://www.ign.es/wms-inspire/pnoa-ma	OI.OrthoimageCoverage	-7.94695095,42.81437231,-7.94068080,42.81897166	384	384	data/morphology-autoreview-v1/thumbnails/positive/control-v1-0053-pos-es-pba-27022.png	exists	659777	
thumb-v1-0054	control-v1-0054	pos-es-pba-28585	positive	ES	Castro de Punta de San Pedro	ign_pnoa_rgb	https://www.ign.es/wms-inspire/pnoa-ma	OI.OrthoimageCoverage	-7.20520551,43.55914417,-7.19885838,43.56374352	384	384	data/morphology-autoreview-v1/thumbnails/positive/control-v1-0054-pos-es-pba-28585.png	exists	411476	
thumb-v1-0055	control-v1-0055	pos-es-pba-28392	positive	ES	Castro de Castelmaría	ign_pnoa_rgb	https://www.ign.es/wms-inspire/pnoa-ma	OI.OrthoimageCoverage	-7.12262681,42.94467569,-7.11634341,42.94927504	384	384	data/morphology-autoreview-v1/thumbnails/positive/control-v1-0055-pos-es-pba-28392.png	exists	675071	
thumb-v1-0056	control-v1-0056	pos-es-pba-28320	positive	ES	Castro de Santa María	ign_pnoa_rgb	https://www.ign.es/wms-inspire/pnoa-ma	OI.OrthoimageCoverage	-7.73193588,43.15226671,-7.72563118,43.15686606	384	384	data/morphology-autoreview-v1/thumbnails/positive/control-v1-0056-pos-es-pba-28320.png	exists	674740	
thumb-v1-0057	control-v1-0057	pos-es-pba-44141	positive	ES	Castro de Cabo Burela	ign_pnoa_rgb	https://www.ign.es/wms-inspire/pnoa-ma	OI.OrthoimageCoverage	-7.36124072,43.66763404,-7.35488213,43.67223340	384	384	data/morphology-autoreview-v1/thumbnails/positive/control-v1-0057-pos-es-pba-44141.png	exists	614711	
thumb-v1-0058	control-v1-0058	pos-es-pba-28792	positive	ES	Castro de Marzán	ign_pnoa_rgb	https://www.ign.es/wms-inspire/pnoa-ma	OI.OrthoimageCoverage	-7.51145963,42.59358102,-7.50521175,42.59818038	384	384	data/morphology-autoreview-v1/thumbnails/positive/control-v1-0058-pos-es-pba-28792.png	exists	687860	
thumb-v1-0059	control-v1-0059	pos-es-pba-28508	positive	ES	Castro de Santa Mariña	ign_pnoa_rgb	https://www.ign.es/wms-inspire/pnoa-ma	OI.OrthoimageCoverage	-7.86923732,42.55654339,-7.86299314,42.56114274	384	384	data/morphology-autoreview-v1/thumbnails/positive/control-v1-0059-pos-es-pba-28508.png	exists	670695	
thumb-v1-0060	control-v1-0060	pos-es-pba-27820	positive	ES	Castro de Azúmara	ign_pnoa_rgb	https://www.ign.es/wms-inspire/pnoa-ma	OI.OrthoimageCoverage	-7.38231039,43.19047139,-7.37600174,43.19507074	384	384	data/morphology-autoreview-v1/thumbnails/positive/control-v1-0060-pos-es-pba-27820.png	exists	659461	
thumb-v1-0061	control-v1-0061	pos-es-pba-27942	positive	ES	Castro de Santa María da Frairía	ign_pnoa_rgb	https://www.ign.es/wms-inspire/pnoa-ma	OI.OrthoimageCoverage	-7.29377472,43.00402488,-7.28748525,43.00862424	384	384	data/morphology-autoreview-v1/thumbnails/positive/control-v1-0061-pos-es-pba-27942.png	exists	670860	
thumb-v1-0062	control-v1-0062	pos-es-pba-29460	positive	ES	Casa reitoral de Santa María do Castro	ign_pnoa_rgb	https://www.ign.es/wms-inspire/pnoa-ma	OI.OrthoimageCoverage	-7.04540696,42.86218287,-7.03913196,42.86678222	384	384	data/morphology-autoreview-v1/thumbnails/positive/control-v1-0062-pos-es-pba-29460.png	exists	695287	
thumb-v1-0063	control-v1-0063	pos-es-pba-11227	positive	ES	Castro de Refoxo/Castro de Cerqueira	ign_pnoa_rgb	https://www.ign.es/wms-inspire/pnoa-ma	OI.OrthoimageCoverage	-8.44592129,43.23267524,-8.43960827,43.23727460	384	384	data/morphology-autoreview-v1/thumbnails/positive/control-v1-0063-pos-es-pba-11227.png	exists	672408	
thumb-v1-0064	control-v1-0064	pos-es-pba-112	positive	ES	Castro Grande de Alcaiana	ign_pnoa_rgb	https://www.ign.es/wms-inspire/pnoa-ma	OI.OrthoimageCoverage	-8.34913477,43.15939903,-8.34282933,43.16399839	384	384	data/morphology-autoreview-v1/thumbnails/positive/control-v1-0064-pos-es-pba-112.png	exists	660497	
thumb-v1-0065	control-v1-0065	pos-es-pba-1956	positive	ES	A Roda do Castro	ign_pnoa_rgb	https://www.ign.es/wms-inspire/pnoa-ma	OI.OrthoimageCoverage	-8.20861192,43.43483245,-8.20227785,43.43943181	384	384	data/morphology-autoreview-v1/thumbnails/positive/control-v1-0065-pos-es-pba-1956.png	exists	692089	
thumb-v1-0066	control-v1-0066	pos-es-pba-1657	positive	ES	Castro de Castelo	ign_pnoa_rgb	https://www.ign.es/wms-inspire/pnoa-ma	OI.OrthoimageCoverage	-8.57905022,43.29920879,-8.57273029,43.30380814	384	384	data/morphology-autoreview-v1/thumbnails/positive/control-v1-0066-pos-es-pba-1657.png	exists	677278	
thumb-v1-0067	control-v1-0067	pos-es-pba-6108	positive	ES	Castro de Pereiriña	ign_pnoa_rgb	https://www.ign.es/wms-inspire/pnoa-ma	OI.OrthoimageCoverage	-9.19116301,42.98617430,-9.18487536,42.99077365	384	384	data/morphology-autoreview-v1/thumbnails/positive/control-v1-0067-pos-es-pba-6108.png	exists	668386	
thumb-v1-0068	control-v1-0068	pos-es-pba-5977	positive	ES	Castro de Quenxe	ign_pnoa_rgb	https://www.ign.es/wms-inspire/pnoa-ma	OI.OrthoimageCoverage	-9.19401645,42.93007649,-9.18773454,42.93467584	384	384	data/morphology-autoreview-v1/thumbnails/positive/control-v1-0068-pos-es-pba-5977.png	exists	671435	
thumb-v1-0069	control-v1-0069	pos-es-pba-9892	positive	ES	Castro de Castromiñán	ign_pnoa_rgb	https://www.ign.es/wms-inspire/pnoa-ma	OI.OrthoimageCoverage	-9.28606712,42.95158847,-9.27978301,42.95618782	384	384	data/morphology-autoreview-v1/thumbnails/positive/control-v1-0069-pos-es-pba-9892.png	exists	647573	
thumb-v1-0070	control-v1-0070	pos-es-pba-12434	positive	ES	Castro da Braña	ign_pnoa_rgb	https://www.ign.es/wms-inspire/pnoa-ma	OI.OrthoimageCoverage	-8.28940454,43.12834460,-8.28310230,43.13294396	384	384	data/morphology-autoreview-v1/thumbnails/positive/control-v1-0070-pos-es-pba-12434.png	exists	607233	
thumb-v1-0071	control-v1-0071	pos-es-pba-29296	positive	ES	Os Castros	ign_pnoa_rgb	https://www.ign.es/wms-inspire/pnoa-ma	OI.OrthoimageCoverage	-7.76686606,42.59535273,-7.76061800,42.59995208	384	384	data/morphology-autoreview-v1/thumbnails/positive/control-v1-0071-pos-es-pba-29296.png	exists	703393	
thumb-v1-0072	control-v1-0072	pos-es-pba-35343	positive	ES	Castro da Cotela	ign_pnoa_rgb	https://www.ign.es/wms-inspire/pnoa-ma	OI.OrthoimageCoverage	-7.79551423,42.78215131,-7.78924735,42.78675066	384	384	data/morphology-autoreview-v1/thumbnails/positive/control-v1-0072-pos-es-pba-35343.png	exists	653144	
thumb-v1-0073	control-v1-0073	pos-es-pba-36112	positive	ES	Castro do Pazo	ign_pnoa_rgb	https://www.ign.es/wms-inspire/pnoa-ma	OI.OrthoimageCoverage	-7.67760880,43.06224516,-7.67131336,43.06684451	384	384	data/morphology-autoreview-v1/thumbnails/positive/control-v1-0073-pos-es-pba-36112.png	exists	682155	
thumb-v1-0074	control-v1-0074	pos-es-pba-45973	positive	ES	Castro de Meimón	ign_pnoa_rgb	https://www.ign.es/wms-inspire/pnoa-ma	OI.OrthoimageCoverage	-8.19162092,42.42477905,-8.18538989,42.42937841	384	384	data/morphology-autoreview-v1/thumbnails/positive/control-v1-0074-pos-es-pba-45973.png	exists	675582	
thumb-v1-0075	control-v1-0075	pos-es-pba-56643	positive	ES	As Cabarquellas. Os Mouros. O Castro. As Murallas	ign_pnoa_rgb	https://www.ign.es/wms-inspire/pnoa-ma	OI.OrthoimageCoverage	-7.26054317,41.95218335,-7.25435855,41.95678271	384	384	data/morphology-autoreview-v1/thumbnails/positive/control-v1-0075-pos-es-pba-56643.png	exists	646163	
thumb-v1-0076	control-v1-0076	pos-es-pba-73573	positive	ES	Castroverde/O Foxo/Camiño Real	ign_pnoa_rgb	https://www.ign.es/wms-inspire/pnoa-ma	OI.OrthoimageCoverage	-8.67816863,42.70158064,-8.67190989,42.70617999	384	384	data/morphology-autoreview-v1/thumbnails/positive/control-v1-0076-pos-es-pba-73573.png	exists	630184	
thumb-v1-0077	control-v1-0077	pos-pt-dgpc-109754	positive	PT	Besteiros/ Castro do Gerês	dgt_ortos2021_rgb	https://cartografia.dgterritorio.gov.pt/wms/ortos2021	Ortos2021-RGB	-8.37758943,41.64252408,-8.37143463,41.64712343	384	384	data/morphology-autoreview-v1/thumbnails/positive/control-v1-0077-pos-pt-dgpc-109754.png	exists	254658	
thumb-v1-0078	control-v1-0078	pos-pt-dgpc-109384	positive	PT	Castro de São Simão	dgt_ortos2021_rgb	https://cartografia.dgterritorio.gov.pt/wms/ortos2021	Ortos2021-RGB	-8.62101176,41.62668508,-8.61485847,41.63128443	384	384	data/morphology-autoreview-v1/thumbnails/positive/control-v1-0078-pos-pt-dgpc-109384.png	exists	256113	
thumb-v1-0079	control-v1-0079	pos-pt-dgpc-107708	positive	PT	Castro da Sola	dgt_ortos2021_rgb	https://cartografia.dgterritorio.gov.pt/wms/ortos2021	Ortos2021-RGB	-8.42099402,41.57873660,-8.41484530,41.58333596	384	384	data/morphology-autoreview-v1/thumbnails/positive/control-v1-0079-pos-pt-dgpc-107708.png	exists	233568	
thumb-v1-0080	control-v1-0080	pos-pt-dgpc-107213	positive	PT	Castro da Barrega	dgt_ortos2021_rgb	https://cartografia.dgterritorio.gov.pt/wms/ortos2021	Ortos2021-RGB	-8.07520715,41.39179721,-8.06907615,41.39639656	384	384	data/morphology-autoreview-v1/thumbnails/positive/control-v1-0080-pos-pt-dgpc-107213.png	exists	249370	
thumb-v1-0081	control-v1-0081	pos-pt-dgpc-107601	positive	PT	Castro de São Lourenço	dgt_ortos2021_rgb	https://cartografia.dgterritorio.gov.pt/wms/ortos2021	Ortos2021-RGB	-8.76430290,41.55378239,-8.75815655,41.55838174	384	384	data/morphology-autoreview-v1/thumbnails/positive/control-v1-0081-pos-pt-dgpc-107601.png	exists	254589	
thumb-v1-0082	control-v1-0082	pos-pt-dgpc-107016	positive	PT	Castro da Retortinha/Cepães	dgt_ortos2021_rgb	https://cartografia.dgterritorio.gov.pt/wms/ortos2021	Ortos2021-RGB	-8.20797390,41.43005663,-8.20183928,41.43465598	384	384	data/morphology-autoreview-v1/thumbnails/positive/control-v1-0082-pos-pt-dgpc-107016.png	exists	239398	
thumb-v1-0083	control-v1-0083	pos-pt-dgpc-108039	positive	PT	Castro	dgt_ortos2021_rgb	https://cartografia.dgterritorio.gov.pt/wms/ortos2021	Ortos2021-RGB	-8.24497754,41.49179334,-8.23883708,41.49639270	384	384	data/morphology-autoreview-v1/thumbnails/positive/control-v1-0083-pos-pt-dgpc-108039.png	exists	247012	
thumb-v1-0084	control-v1-0084	pos-pt-dgpc-107764	positive	PT	Castro de Brunhais	dgt_ortos2021_rgb	https://cartografia.dgterritorio.gov.pt/wms/ortos2021	Ortos2021-RGB	-8.18461958,41.59325159,-8.17846947,41.59785095	384	384	data/morphology-autoreview-v1/thumbnails/positive/control-v1-0084-pos-pt-dgpc-107764.png	exists	244617	
thumb-v1-0085	control-v1-0085	pos-pt-dgpc-109395	positive	PT	Castro de Atafona	dgt_ortos2021_rgb	https://cartografia.dgterritorio.gov.pt/wms/ortos2021	Ortos2021-RGB	-8.16812241,41.62734546,-8.16196906,41.63194481	384	384	data/morphology-autoreview-v1/thumbnails/positive/control-v1-0085-pos-pt-dgpc-109395.png	exists	239901	
thumb-v1-0086	control-v1-0086	pos-pt-dgpc-107173	positive	PT	Castro de São Miguel-o-Anjo	dgt_ortos2021_rgb	https://cartografia.dgterritorio.gov.pt/wms/ortos2021	Ortos2021-RGB	-8.53912470,41.38975462,-8.53299388,41.39435397	384	384	data/morphology-autoreview-v1/thumbnails/positive/control-v1-0086-pos-pt-dgpc-107173.png	exists	243171	
thumb-v1-0087	control-v1-0087	pos-pt-dgpc-109844	positive	PT	Castro de Escariz / São Ilus	dgt_ortos2021_rgb	https://cartografia.dgterritorio.gov.pt/wms/ortos2021	Ortos2021-RGB	-8.53894794,41.64861071,-8.53279255,41.65321007	384	384	data/morphology-autoreview-v1/thumbnails/positive/control-v1-0087-pos-pt-dgpc-109844.png	exists	238383	
thumb-v1-0088	control-v1-0088	pos-pt-dgpc-106410	positive	PT	Castro de Santa Justa	dgt_ortos2021_rgb	https://cartografia.dgterritorio.gov.pt/wms/ortos2021	Ortos2021-RGB	-7.04094504,41.31979921,-7.03482081,41.32439856	384	384	data/morphology-autoreview-v1/thumbnails/positive/control-v1-0088-pos-pt-dgpc-106410.png	exists	247670	
thumb-v1-0089	control-v1-0089	pos-pt-dgpc-108740	positive	PT	Caracuto do Castro	dgt_ortos2021_rgb	https://cartografia.dgterritorio.gov.pt/wms/ortos2021	Ortos2021-RGB	-6.60363383,41.81565880,-6.59746242,41.82025816	384	384	data/morphology-autoreview-v1/thumbnails/positive/control-v1-0089-pos-pt-dgpc-108740.png	exists	243899	
thumb-v1-0090	control-v1-0090	pos-pt-dgpc-106059	positive	PT	Castro da Rapa	dgt_ortos2021_rgb	https://cartografia.dgterritorio.gov.pt/wms/ortos2021	Ortos2021-RGB	-7.39570004,41.19610193,-7.38958740,41.20070128	384	384	data/morphology-autoreview-v1/thumbnails/positive/control-v1-0090-pos-pt-dgpc-106059.png	exists	241867	
thumb-v1-0091	control-v1-0091	pos-pt-dgpc-107361	positive	PT	Casa do Quinteiro/Castro de Cércio	dgt_ortos2021_rgb	https://cartografia.dgterritorio.gov.pt/wms/ortos2021	Ortos2021-RGB	-6.30589529,41.45387460,-6.29975842,41.45847396	384	384	data/morphology-autoreview-v1/thumbnails/positive/control-v1-0091-pos-pt-dgpc-107361.png	exists	251993	
thumb-v1-0092	control-v1-0092	pos-pt-dgpc-109015	positive	PT	Castro de São Juzenda	dgt_ortos2021_rgb	https://cartografia.dgterritorio.gov.pt/wms/ortos2021	Ortos2021-RGB	-7.16120743,41.60116281,-7.15505657,41.60576216	384	384	data/morphology-autoreview-v1/thumbnails/positive/control-v1-0092-pos-pt-dgpc-109015.png	exists	248607	
thumb-v1-0093	control-v1-0093	pos-pt-dgpc-106948	positive	PT	Castro Vicente / Senhor da Fraga / Santo Cristo	dgt_ortos2021_rgb	https://cartografia.dgterritorio.gov.pt/wms/ortos2021	Ortos2021-RGB	-6.83229726,41.37401094,-6.82616794,41.37861030	384	384	data/morphology-autoreview-v1/thumbnails/positive/control-v1-0093-pos-pt-dgpc-106948.png	exists	240945	
thumb-v1-0094	control-v1-0094	pos-pt-dgpc-109476	positive	PT	Castro do Serro Grande	dgt_ortos2021_rgb	https://cartografia.dgterritorio.gov.pt/wms/ortos2021	Ortos2021-RGB	-6.58326746,41.63172444,-6.57711369,41.63632379	384	384	data/morphology-autoreview-v1/thumbnails/positive/control-v1-0094-pos-pt-dgpc-109476.png	exists	246912	
thumb-v1-0095	control-v1-0095	pos-pt-dgpc-108213	positive	PT	Castro	dgt_ortos2021_rgb	https://cartografia.dgterritorio.gov.pt/wms/ortos2021	Ortos2021-RGB	-6.93563442,41.86345158,-6.92945839,41.86805094	384	384	data/morphology-autoreview-v1/thumbnails/positive/control-v1-0095-pos-pt-dgpc-108213.png	exists	243572	
thumb-v1-0096	control-v1-0096	pos-pt-dgpc-105058	positive	PT	Castro de Paredes	dgt_ortos2021_rgb	https://cartografia.dgterritorio.gov.pt/wms/ortos2021	Ortos2021-RGB	-8.01505343,41.26434346,-8.00893440,41.26894281	384	384	data/morphology-autoreview-v1/thumbnails/positive/control-v1-0096-pos-pt-dgpc-105058.png	exists	238695	
thumb-v1-0097	control-v1-0097	pos-pt-dgpc-106386	positive	PT	Castro da Pedreira	dgt_ortos2021_rgb	https://cartografia.dgterritorio.gov.pt/wms/ortos2021	Ortos2021-RGB	-8.21978598,41.31659914,-8.21366206,41.32119850	384	384	data/morphology-autoreview-v1/thumbnails/positive/control-v1-0097-pos-pt-dgpc-106386.png	exists	245379	
thumb-v1-0098	control-v1-0098	pos-pt-dgpc-105178	positive	PT	Castro de São Domingos/ Cristelos	dgt_ortos2021_rgb	https://cartografia.dgterritorio.gov.pt/wms/ortos2021	Ortos2021-RGB	-8.30029627,41.27509345,-8.29417624,41.27969280	384	384	data/morphology-autoreview-v1/thumbnails/positive/control-v1-0098-pos-pt-dgpc-105178.png	exists	233491	
thumb-v1-0099	control-v1-0099	pos-pt-dgpc-105226	positive	PT	Arados/Castro de Arados	dgt_ortos2021_rgb	https://cartografia.dgterritorio.gov.pt/wms/ortos2021	Ortos2021-RGB	-8.23032418,41.09544812,-8.22422092,41.10004747	384	384	data/morphology-autoreview-v1/thumbnails/positive/control-v1-0099-pos-pt-dgpc-105226.png	exists	243798	
thumb-v1-0100	control-v1-0100	pos-pt-dgpc-105192	positive	PT	Castro de Vila	dgt_ortos2021_rgb	https://cartografia.dgterritorio.gov.pt/wms/ortos2021	Ortos2021-RGB	-8.42407501,41.27647048,-8.41795485,41.28106984	384	384	data/morphology-autoreview-v1/thumbnails/positive/control-v1-0100-pos-pt-dgpc-105192.png	exists	238612	
thumb-v1-0101	control-v1-0101	neg-es-pba-1403	negative	ES	Mámoa da Lagoa	ign_pnoa_rgb	https://www.ign.es/wms-inspire/pnoa-ma	OI.OrthoimageCoverage	-8.79438498,42.96506138,-8.78809950,42.96966073	384	384	data/morphology-autoreview-v1/thumbnails/negative/control-v1-0101-neg-es-pba-1403.png	exists	662302	
thumb-v1-0102	control-v1-0102	neg-es-pba-29146	negative	ES	Arqueira de Morocos 1	ign_pnoa_rgb	https://www.ign.es/wms-inspire/pnoa-ma	OI.OrthoimageCoverage	-7.02790030,43.19924723,-7.02159074,43.20384659	384	384	data/morphology-autoreview-v1/thumbnails/negative/control-v1-0102-neg-es-pba-29146.png	exists	632720	
thumb-v1-0103	control-v1-0103	neg-es-pba-45653	negative	ES	Mámoa do Reigoso 1	ign_pnoa_rgb	https://www.ign.es/wms-inspire/pnoa-ma	OI.OrthoimageCoverage	-8.13453983,42.26838139,-8.12832428,42.27298075	384	384	data/morphology-autoreview-v1/thumbnails/negative/control-v1-0103-neg-es-pba-45653.png	exists	650907	
thumb-v1-0104	control-v1-0104	neg-es-pba-50551	negative	ES	A Medorra	ign_pnoa_rgb	https://www.ign.es/wms-inspire/pnoa-ma	OI.OrthoimageCoverage	-7.11998868,42.05521255,-7.11379403,42.05981191	384	384	data/morphology-autoreview-v1/thumbnails/negative/control-v1-0104-neg-es-pba-50551.png	exists	676626	
thumb-v1-0105	control-v1-0105	neg-es-pba-56336	negative	ES	Mámoa da Cima de Covela	ign_pnoa_rgb	https://www.ign.es/wms-inspire/pnoa-ma	OI.OrthoimageCoverage	-7.84510350,42.48625127,-7.83886634,42.49085063	384	384	data/morphology-autoreview-v1/thumbnails/negative/control-v1-0105-neg-es-pba-56336.png	exists	660282	
thumb-v1-0106	control-v1-0106	neg-es-pba-57591	negative	ES	Casa reitoral de Pedrafita	ign_pnoa_rgb	https://www.ign.es/wms-inspire/pnoa-ma	OI.OrthoimageCoverage	-7.49511145,42.35260186,-7.48888758,42.35720122	384	384	data/morphology-autoreview-v1/thumbnails/negative/control-v1-0106-neg-es-pba-57591.png	exists	665031	
thumb-v1-0107	control-v1-0107	neg-es-pba-59636	negative	ES	Mámoa da Pedra Má 1	ign_pnoa_rgb	https://www.ign.es/wms-inspire/pnoa-ma	OI.OrthoimageCoverage	-7.01053960,42.30659403,-7.00432028,42.31119339	384	384	data/morphology-autoreview-v1/thumbnails/negative/control-v1-0107-neg-es-pba-59636.png	exists	648942	
thumb-v1-0108	control-v1-0108	neg-es-pba-43983	negative	ES	Mámoa de Agrela	ign_pnoa_rgb	https://www.ign.es/wms-inspire/pnoa-ma	OI.OrthoimageCoverage	-7.79785134,42.15470989,-7.79164697,42.15930924	384	384	data/morphology-autoreview-v1/thumbnails/negative/control-v1-0108-neg-es-pba-43983.png	exists	642237	
thumb-v1-0109	control-v1-0109	neg-es-pba-43559	negative	ES	Mámoa das Chairas	ign_pnoa_rgb	https://www.ign.es/wms-inspire/pnoa-ma	OI.OrthoimageCoverage	-7.96484056,42.36767486,-7.95861519,42.37227421	384	384	data/morphology-autoreview-v1/thumbnails/negative/control-v1-0109-neg-es-pba-43559.png	exists	695243	
thumb-v1-0110	control-v1-0110	neg-es-pba-45293	negative	ES	Mámoa da Lomba	ign_pnoa_rgb	https://www.ign.es/wms-inspire/pnoa-ma	OI.OrthoimageCoverage	-8.29624637,42.43898327,-8.29001392,42.44358262	384	384	data/morphology-autoreview-v1/thumbnails/negative/control-v1-0110-neg-es-pba-45293.png	exists	655824	
thumb-v1-0111	control-v1-0111	neg-es-pba-63125	negative	ES	Dolmen da Cavada da Santa	ign_pnoa_rgb	https://www.ign.es/wms-inspire/pnoa-ma	OI.OrthoimageCoverage	-8.29543682,42.21465014,-8.28922656,42.21924950	384	384	data/morphology-autoreview-v1/thumbnails/negative/control-v1-0111-neg-es-pba-63125.png	exists	635708	
thumb-v1-0112	control-v1-0112	neg-pt-dgpc-113936	negative	PT	Carapeços 3	dgt_ortos2021_rgb	https://cartografia.dgterritorio.gov.pt/wms/ortos2021	Ortos2021-RGB	-8.64754538,41.59108161,-8.64139549,41.59568096	384	384	data/morphology-autoreview-v1/thumbnails/negative/control-v1-0112-neg-pt-dgpc-113936.png	exists	257483	
thumb-v1-0113	control-v1-0113	neg-pt-dgpc-109194	negative	PT	Mamoa 1 de Penedo Covo	dgt_ortos2021_rgb	https://cartografia.dgterritorio.gov.pt/wms/ortos2021	Ortos2021-RGB	-8.00555442,41.61439255,-7.99940230,41.61899191	384	384	data/morphology-autoreview-v1/thumbnails/negative/control-v1-0113-neg-pt-dgpc-109194.png	exists	248019	
thumb-v1-0114	control-v1-0114	neg-pt-dgpc-107214	negative	PT	Travessa 1	dgt_ortos2021_rgb	https://cartografia.dgterritorio.gov.pt/wms/ortos2021	Ortos2021-RGB	-8.08294092,41.44222260,-8.07680515,41.44682195	384	384	data/morphology-autoreview-v1/thumbnails/negative/control-v1-0114-neg-pt-dgpc-107214.png	exists	222449	
thumb-v1-0115	control-v1-0115	neg-pt-dgpc-107640	negative	PT	Antela da Portelagem/ Anta da Portelagem	dgt_ortos2021_rgb	https://cartografia.dgterritorio.gov.pt/wms/ortos2021	Ortos2021-RGB	-8.77036579,41.56551677,-8.76421833,41.57011612	384	384	data/morphology-autoreview-v1/thumbnails/negative/control-v1-0115-neg-pt-dgpc-107640.png	exists	233053	
thumb-v1-0116	control-v1-0116	neg-pt-dgpc-114669	negative	PT	Mamoa I da Bouça do Fojo	dgt_ortos2021_rgb	https://cartografia.dgterritorio.gov.pt/wms/ortos2021	Ortos2021-RGB	-8.26721337,41.69995084,-8.26105307,41.70455019	384	384	data/morphology-autoreview-v1/thumbnails/negative/control-v1-0116-neg-pt-dgpc-114669.png	exists	247722	
thumb-v1-0117	control-v1-0117	neg-pt-dgpc-109880	negative	PT	Mamoa 2 da Lama dos Eidos	dgt_ortos2021_rgb	https://cartografia.dgterritorio.gov.pt/wms/ortos2021	Ortos2021-RGB	-8.15901161,41.65046868,-8.15285605,41.65506804	384	384	data/morphology-autoreview-v1/thumbnails/negative/control-v1-0117-neg-pt-dgpc-109880.png	exists	245395	
thumb-v1-0118	control-v1-0118	neg-pt-dgpc-113951	negative	PT	Fiães	dgt_ortos2021_rgb	https://cartografia.dgterritorio.gov.pt/wms/ortos2021	Ortos2021-RGB	-8.62522887,41.41050833,-8.61909610,41.41510768	384	384	data/morphology-autoreview-v1/thumbnails/negative/control-v1-0118-neg-pt-dgpc-113951.png	exists	217188	
thumb-v1-0119	control-v1-0119	neg-pt-dgpc-109630	negative	PT	Mamoa 1 de Bustelo	dgt_ortos2021_rgb	https://cartografia.dgterritorio.gov.pt/wms/ortos2021	Ortos2021-RGB	-8.45396408,41.69821639,-8.44780395,41.70281574	384	384	data/morphology-autoreview-v1/thumbnails/negative/control-v1-0119-neg-pt-dgpc-109630.png	exists	246192	
thumb-v1-0120	control-v1-0120	neg-pt-dgpc-106067	negative	PT	Pala da Moura	dgt_ortos2021_rgb	https://cartografia.dgterritorio.gov.pt/wms/ortos2021	Ortos2021-RGB	-7.19263260,41.19594539,-7.18651998,41.20054474	384	384	data/morphology-autoreview-v1/thumbnails/negative/control-v1-0120-neg-pt-dgpc-106067.png	exists	246162	
thumb-v1-0121	control-v1-0121	neg-pt-dgpc-114520	negative	PT	Mirandela - Menir da Rua da Portela/ Menir de Mirandela	dgt_ortos2021_rgb	https://cartografia.dgterritorio.gov.pt/wms/ortos2021	Ortos2021-RGB	-7.18459158,41.48237499,-7.17845201,41.48697434	384	384	data/morphology-autoreview-v1/thumbnails/negative/control-v1-0121-neg-pt-dgpc-114520.png	exists	235879	
thumb-v1-0122	control-v1-0122	neg-pt-dgpc-105998	negative	PT	Outeiro de Gregos 2	dgt_ortos2021_rgb	https://cartografia.dgterritorio.gov.pt/wms/ortos2021	Ortos2021-RGB	-8.04320781,41.18333205,-8.03709636,41.18793140	384	384	data/morphology-autoreview-v1/thumbnails/negative/control-v1-0122-neg-pt-dgpc-105998.png	exists	251538	
thumb-v1-0123	control-v1-0123	neg-pt-dgpc-112099	negative	PT	Mamoa dos Crastos (Broalhos)	dgt_ortos2021_rgb	https://cartografia.dgterritorio.gov.pt/wms/ortos2021	Ortos2021-RGB	-8.45802058,41.06946338,-8.45191973,41.07406273	384	384	data/morphology-autoreview-v1/thumbnails/negative/control-v1-0123-neg-pt-dgpc-112099.png	exists	233451	
thumb-v1-0124	control-v1-0124	neg-pt-dgpc-106436	negative	PT	Serra de Campelos 1	dgt_ortos2021_rgb	https://cartografia.dgterritorio.gov.pt/wms/ortos2021	Ortos2021-RGB	-8.30691518,41.32235498,-8.30079071,41.32695434	384	384	data/morphology-autoreview-v1/thumbnails/negative/control-v1-0124-neg-pt-dgpc-106436.png	exists	231258	
thumb-v1-0125	control-v1-0125	neg-pt-dgpc-104969	negative	PT	Arcos	dgt_ortos2021_rgb	https://cartografia.dgterritorio.gov.pt/wms/ortos2021	Ortos2021-RGB	-8.54484826,41.25467475,-8.53873014,41.25927410	384	384	data/morphology-autoreview-v1/thumbnails/negative/control-v1-0125-neg-pt-dgpc-104969.png	exists	249882	
thumb-v1-0126	control-v1-0126	neg-pt-dgpc-111452	negative	PT	Mamoa I de Fonte Cova	dgt_ortos2021_rgb	https://cartografia.dgterritorio.gov.pt/wms/ortos2021	Ortos2021-RGB	-8.14625921,41.11802058,-8.14015385,41.12261993	384	384	data/morphology-autoreview-v1/thumbnails/negative/control-v1-0126-neg-pt-dgpc-111452.png	exists	247942	
thumb-v1-0127	control-v1-0127	neg-pt-dgpc-106154	negative	PT	Brio	dgt_ortos2021_rgb	https://cartografia.dgterritorio.gov.pt/wms/ortos2021	Ortos2021-RGB	-8.69181780,41.20903799,-8.68570395,41.21363734	384	384	data/morphology-autoreview-v1/thumbnails/negative/control-v1-0127-neg-pt-dgpc-106154.png	exists	216424	
thumb-v1-0128	control-v1-0128	neg-pt-dgpc-112103	negative	PT	Mamoa de Brandião	dgt_ortos2021_rgb	https://cartografia.dgterritorio.gov.pt/wms/ortos2021	Ortos2021-RGB	-8.43312254,41.08888977,-8.42701989,41.09348912	384	384	data/morphology-autoreview-v1/thumbnails/negative/control-v1-0128-neg-pt-dgpc-112103.png	exists	241972	
thumb-v1-0129	control-v1-0129	neg-pt-dgpc-105863	negative	PT	Menir de Luzim/ Marco de Luzim	dgt_ortos2021_rgb	https://cartografia.dgterritorio.gov.pt/wms/ortos2021	Ortos2021-RGB	-8.25845838,41.14264492,-8.25235072,41.14724427	384	384	data/morphology-autoreview-v1/thumbnails/negative/control-v1-0129-neg-pt-dgpc-105863.png	exists	246617	
thumb-v1-0130	control-v1-0130	neg-pt-dgpc-111335	negative	PT	Pinheiral/Pedra do Sol	dgt_ortos2021_rgb	https://cartografia.dgterritorio.gov.pt/wms/ortos2021	Ortos2021-RGB	-8.60750821,41.40619001,-8.60137584,41.41078937	384	384	data/morphology-autoreview-v1/thumbnails/negative/control-v1-0130-neg-pt-dgpc-111335.png	exists	229355	
thumb-v1-0131	control-v1-0131	neg-pt-dgpc-111371	negative	PT	Ermida	dgt_ortos2021_rgb	https://cartografia.dgterritorio.gov.pt/wms/ortos2021	Ortos2021-RGB	-8.49524028,41.33047735,-8.48911505,41.33507670	384	384	data/morphology-autoreview-v1/thumbnails/negative/control-v1-0131-neg-pt-dgpc-111371.png	exists	229568	
thumb-v1-0132	control-v1-0132	neg-pt-dgpc-112900	negative	PT	Mamoa 1 de Santa Lomédia	dgt_ortos2021_rgb	https://cartografia.dgterritorio.gov.pt/wms/ortos2021	Ortos2021-RGB	-8.46660131,41.04549622,-8.46050268,41.05009558	384	384	data/morphology-autoreview-v1/thumbnails/negative/control-v1-0132-neg-pt-dgpc-112900.png	exists	237818	
thumb-v1-0133	control-v1-0133	neg-pt-dgpc-111340	negative	PT	Queimado alto	dgt_ortos2021_rgb	https://cartografia.dgterritorio.gov.pt/wms/ortos2021	Ortos2021-RGB	-8.62513609,41.37283960,-8.61900687,41.37743895	384	384	data/morphology-autoreview-v1/thumbnails/negative/control-v1-0133-neg-pt-dgpc-111340.png	exists	235522	
thumb-v1-0134	control-v1-0134	neg-pt-dgpc-108526	negative	PT	Mamoa 2 das Lameiras	dgt_ortos2021_rgb	https://cartografia.dgterritorio.gov.pt/wms/ortos2021	Ortos2021-RGB	-8.42126917,41.97612417,-8.41508223,41.98072353	384	384	data/morphology-autoreview-v1/thumbnails/negative/control-v1-0134-neg-pt-dgpc-108526.png	exists	243502	
thumb-v1-0135	control-v1-0135	neg-pt-dgpc-113975	negative	PT	Mamoa 1 dos Prados da Saba	dgt_ortos2021_rgb	https://cartografia.dgterritorio.gov.pt/wms/ortos2021	Ortos2021-RGB	-8.13818324,42.04201821,-8.13198988,42.04661756	384	384	data/morphology-autoreview-v1/thumbnails/negative/control-v1-0135-neg-pt-dgpc-113975.png	exists	246679	
thumb-v1-0136	control-v1-0136	neg-pt-dgpc-112374	negative	PT	Lameiras	dgt_ortos2021_rgb	https://cartografia.dgterritorio.gov.pt/wms/ortos2021	Ortos2021-RGB	-8.42080997,41.97576504,-8.41462307,41.98036439	384	384	data/morphology-autoreview-v1/thumbnails/negative/control-v1-0136-neg-pt-dgpc-112374.png	exists	245674	
thumb-v1-0137	control-v1-0137	neg-pt-dgpc-112391	negative	PT	Almas 3	dgt_ortos2021_rgb	https://cartografia.dgterritorio.gov.pt/wms/ortos2021	Ortos2021-RGB	-8.55615649,41.95304760,-8.54997179,41.95764695	384	384	data/morphology-autoreview-v1/thumbnails/negative/control-v1-0137-neg-pt-dgpc-112391.png	exists	247192	
thumb-v1-0138	control-v1-0138	neg-pt-dgpc-108626	negative	PT	Mamoa da Giadela	dgt_ortos2021_rgb	https://cartografia.dgterritorio.gov.pt/wms/ortos2021	Ortos2021-RGB	-8.26137727,41.79558156,-8.25520779,41.80018091	384	384	data/morphology-autoreview-v1/thumbnails/negative/control-v1-0138-neg-pt-dgpc-108626.png	exists	251013	
thumb-v1-0139	control-v1-0139	neg-pt-dgpc-109417	negative	PT	Arca 1	dgt_ortos2021_rgb	https://cartografia.dgterritorio.gov.pt/wms/ortos2021	Ortos2021-RGB	-8.56737373,41.75195629,-8.56120845,41.75655564	384	384	data/morphology-autoreview-v1/thumbnails/negative/control-v1-0139-neg-pt-dgpc-109417.png	exists	253980	
thumb-v1-0140	control-v1-0140	neg-pt-dgpc-109686	negative	PT	Reigal/Chã de Lesenho - Mamoa 1 do Outeiro do Lesenho, Lesanho Grande 1/ Lesanho Grande	dgt_ortos2021_rgb	https://cartografia.dgterritorio.gov.pt/wms/ortos2021	Ortos2021-RGB	-7.76066378,41.63844411,-7.75450936,41.64304346	384	384	data/morphology-autoreview-v1/thumbnails/negative/control-v1-0140-neg-pt-dgpc-109686.png	exists	246433	
thumb-v1-0141	control-v1-0141	neg-pt-dgpc-109436	negative	PT	Carreira da Pedra	dgt_ortos2021_rgb	https://cartografia.dgterritorio.gov.pt/wms/ortos2021	Ortos2021-RGB	-7.42680886,41.75292292,-7.42064348,41.75752227	384	384	data/morphology-autoreview-v1/thumbnails/negative/control-v1-0141-neg-pt-dgpc-109436.png	exists	239728	
thumb-v1-0142	control-v1-0142	neg-pt-dgpc-114420	negative	PT	Alto de Pandim / Gouvães da Serra	dgt_ortos2021_rgb	https://cartografia.dgterritorio.gov.pt/wms/ortos2021	Ortos2021-RGB	-7.73500875,41.48439498,-7.72886899,41.48899434	384	384	data/morphology-autoreview-v1/thumbnails/negative/control-v1-0142-neg-pt-dgpc-114420.png	exists	250241	
thumb-v1-0143	control-v1-0143	neg-es-pba-1404	negative	ES	Mámoa da Mina de Mosqueira	ign_pnoa_rgb	https://www.ign.es/wms-inspire/pnoa-ma	OI.OrthoimageCoverage	-8.72893430,42.93883124,-8.72265150,42.94343059	384	384	data/morphology-autoreview-v1/thumbnails/negative/control-v1-0143-neg-es-pba-1404.png	exists	622408	
thumb-v1-0144	control-v1-0144	neg-es-pba-28954	negative	ES	Arqueira de Morocos 2	ign_pnoa_rgb	https://www.ign.es/wms-inspire/pnoa-ma	OI.OrthoimageCoverage	-7.02767699,43.19949308,-7.02136740,43.20409244	384	384	data/morphology-autoreview-v1/thumbnails/negative/control-v1-0144-neg-es-pba-28954.png	exists	635484	
thumb-v1-0145	control-v1-0145	neg-es-pba-45679	negative	ES	Mámoa do Reigoso 2	ign_pnoa_rgb	https://www.ign.es/wms-inspire/pnoa-ma	OI.OrthoimageCoverage	-8.12968878,42.26772806,-8.12347329,42.27232741	384	384	data/morphology-autoreview-v1/thumbnails/negative/control-v1-0145-neg-es-pba-45679.png	exists	666119	
thumb-v1-0146	control-v1-0146	neg-es-pba-50512	negative	ES	Mámoa da Cabeza do Chichón 1	ign_pnoa_rgb	https://www.ign.es/wms-inspire/pnoa-ma	OI.OrthoimageCoverage	-7.13703361,42.01363946,-7.13084301,42.01823881	384	384	data/morphology-autoreview-v1/thumbnails/negative/control-v1-0146-neg-es-pba-50512.png	exists	649999	
thumb-v1-0147	control-v1-0147	neg-es-pba-56337	negative	ES	Mámoa das Regas	ign_pnoa_rgb	https://www.ign.es/wms-inspire/pnoa-ma	OI.OrthoimageCoverage	-7.84403203,42.48112288,-7.83779539,42.48572223	384	384	data/morphology-autoreview-v1/thumbnails/negative/control-v1-0147-neg-es-pba-56337.png	exists	677382	
thumb-v1-0148	control-v1-0148	neg-es-pba-57759	negative	ES	Igrexa de Pedrafita (Parroquial de San Martiño)	ign_pnoa_rgb	https://www.ign.es/wms-inspire/pnoa-ma	OI.OrthoimageCoverage	-7.49880108,42.35521700,-7.49257695,42.35981635	384	384	data/morphology-autoreview-v1/thumbnails/negative/control-v1-0148-neg-es-pba-57759.png	exists	648057	
thumb-v1-0149	control-v1-0149	neg-es-pba-59637	negative	ES	Mámoa da Pedra Má 2	ign_pnoa_rgb	https://www.ign.es/wms-inspire/pnoa-ma	OI.OrthoimageCoverage	-7.00920830,42.30601632,-7.00298904,42.31061568	384	384	data/morphology-autoreview-v1/thumbnails/negative/control-v1-0149-neg-es-pba-59637.png	exists	647967	
thumb-v1-0150	control-v1-0150	neg-es-pba-44009	negative	ES	Mámoa do Monte Penamá 1	ign_pnoa_rgb	https://www.ign.es/wms-inspire/pnoa-ma	OI.OrthoimageCoverage	-7.80604507,42.13994441,-7.79984215,42.14454377	384	384	data/morphology-autoreview-v1/thumbnails/negative/control-v1-0150-neg-es-pba-44009.png	exists	667770	
thumb-v1-0151	control-v1-0151	neg-es-pba-7236	negative	ES	Castelo/Batería de San Diego	ign_pnoa_rgb	https://www.ign.es/wms-inspire/pnoa-ma	OI.OrthoimageCoverage	-8.39495591,43.35356906,-8.38863032,43.35816841	384	384	data/morphology-autoreview-v1/thumbnails/negative/control-v1-0151-neg-es-pba-7236.png	exists	646101	
thumb-v1-0152	control-v1-0152	neg-es-pba-16203	negative	ES	Batería de Punta Torrella	ign_pnoa_rgb	https://www.ign.es/wms-inspire/pnoa-ma	OI.OrthoimageCoverage	-8.31016949,43.40026833,-8.30383903,43.40486768	384	384	data/morphology-autoreview-v1/thumbnails/negative/control-v1-0152-neg-es-pba-16203.png	exists	678390	
thumb-v1-0153	control-v1-0153	neg-es-pba-31073	negative	ES	O Castelo/Castelo de Castañoso	ign_pnoa_rgb	https://www.ign.es/wms-inspire/pnoa-ma	OI.OrthoimageCoverage	-7.13849838,43.16887421,-7.13219196,43.17347356	384	384	data/morphology-autoreview-v1/thumbnails/negative/control-v1-0153-neg-es-pba-31073.png	exists	666140	
thumb-v1-0154	control-v1-0154	neg-es-pba-36915	negative	ES	O Castelo	ign_pnoa_rgb	https://www.ign.es/wms-inspire/pnoa-ma	OI.OrthoimageCoverage	-7.40405547,43.31179693,-7.39773424,43.31639629	384	384	data/morphology-autoreview-v1/thumbnails/negative/control-v1-0154-neg-es-pba-36915.png	exists	627261	
thumb-v1-0155	control-v1-0155	neg-es-pba-26859	negative	ES	Castelo da Portela	ign_pnoa_rgb	https://www.ign.es/wms-inspire/pnoa-ma	OI.OrthoimageCoverage	-7.52727849,43.37890028,-7.52095026,43.38349963	384	384	data/morphology-autoreview-v1/thumbnails/negative/control-v1-0155-neg-es-pba-26859.png	exists	683209	
thumb-v1-0156	control-v1-0156	neg-es-pba-28789	negative	ES	Castelo da Modorra	ign_pnoa_rgb	https://www.ign.es/wms-inspire/pnoa-ma	OI.OrthoimageCoverage	-7.49542244,42.64032238,-7.48916986,42.64492174	384	384	data/morphology-autoreview-v1/thumbnails/negative/control-v1-0156-neg-es-pba-28789.png	exists	641183	
thumb-v1-0157	control-v1-0157	neg-es-pba-29892	negative	ES	Torre de Sobreda	ign_pnoa_rgb	https://www.ign.es/wms-inspire/pnoa-ma	OI.OrthoimageCoverage	-7.41661553,43.03272510,-7.41032312,43.03732445	384	384	data/morphology-autoreview-v1/thumbnails/negative/control-v1-0157-neg-es-pba-29892.png	exists	657345	
thumb-v1-0158	control-v1-0158	neg-es-pba-29293	negative	ES	O Castelo	ign_pnoa_rgb	https://www.ign.es/wms-inspire/pnoa-ma	OI.OrthoimageCoverage	-7.74729270,42.65809343,-7.74103834,42.66269278	384	384	data/morphology-autoreview-v1/thumbnails/negative/control-v1-0158-neg-es-pba-29293.png	exists	669801	
thumb-v1-0159	control-v1-0159	neg-es-pba-29114	negative	ES	A Torre do Braña/As Torres	ign_pnoa_rgb	https://www.ign.es/wms-inspire/pnoa-ma	OI.OrthoimageCoverage	-7.60439366,43.22864344,-7.59808106,43.23324279	384	384	data/morphology-autoreview-v1/thumbnails/negative/control-v1-0159-neg-es-pba-29114.png	exists	665162	
thumb-v1-0160	control-v1-0160	neg-es-pba-32089	negative	ES	O Castelo	ign_pnoa_rgb	https://www.ign.es/wms-inspire/pnoa-ma	OI.OrthoimageCoverage	-7.78846548,43.19375473,-7.78215649,43.19835408	384	384	data/morphology-autoreview-v1/thumbnails/negative/control-v1-0160-neg-es-pba-32089.png	exists	684532	
thumb-v1-0161	control-v1-0161	neg-es-pba-31534	negative	ES	A Torre/Torre de Aez	ign_pnoa_rgb	https://www.ign.es/wms-inspire/pnoa-ma	OI.OrthoimageCoverage	-7.66305322,43.03119107,-7.65676096,43.03579042	384	384	data/morphology-autoreview-v1/thumbnails/negative/control-v1-0161-neg-es-pba-31534.png	exists	681441	
thumb-v1-0162	control-v1-0162	neg-es-pba-34394	negative	ES	Castelo	ign_pnoa_rgb	https://www.ign.es/wms-inspire/pnoa-ma	OI.OrthoimageCoverage	-7.40056729,43.47785461,-7.39422871,43.48245396	384	384	data/morphology-autoreview-v1/thumbnails/negative/control-v1-0162-neg-es-pba-34394.png	exists	677770	
thumb-v1-0163	control-v1-0163	neg-es-pba-33636	negative	ES	Castelo Grande	ign_pnoa_rgb	https://www.ign.es/wms-inspire/pnoa-ma	OI.OrthoimageCoverage	-7.48801448,42.52818920,-7.48177314,42.53278855	384	384	data/morphology-autoreview-v1/thumbnails/negative/control-v1-0163-neg-es-pba-33636.png	exists	582543	
thumb-v1-0164	control-v1-0164	neg-es-pba-35341	negative	ES	Castelo Longo de Ambarría	ign_pnoa_rgb	https://www.ign.es/wms-inspire/pnoa-ma	OI.OrthoimageCoverage	-7.77456049,42.77302860,-7.76829453,42.77762795	384	384	data/morphology-autoreview-v1/thumbnails/negative/control-v1-0164-neg-es-pba-35341.png	exists	660740	
thumb-v1-0165	control-v1-0165	neg-es-pba-35839	negative	ES	Castelo de Cancio	ign_pnoa_rgb	https://www.ign.es/wms-inspire/pnoa-ma	OI.OrthoimageCoverage	-6.86775606,43.12128259,-6.86145455,43.12588194	384	384	data/morphology-autoreview-v1/thumbnails/negative/control-v1-0165-neg-es-pba-35839.png	exists	364868	
thumb-v1-0166	control-v1-0166	neg-es-pba-36966	negative	ES	O Castelo/Torre do Mariscal	ign_pnoa_rgb	https://www.ign.es/wms-inspire/pnoa-ma	OI.OrthoimageCoverage	-7.46719235,42.83248418,-7.46092037,42.83708353	384	384	data/morphology-autoreview-v1/thumbnails/negative/control-v1-0166-neg-es-pba-36966.png	exists	361312	
thumb-v1-0167	control-v1-0167	neg-es-pba-42938	negative	ES	Torre de Cendemil	ign_pnoa_rgb	https://www.ign.es/wms-inspire/pnoa-ma	OI.OrthoimageCoverage	-7.45400317,43.53735917,-7.44765834,43.54195853	384	384	data/morphology-autoreview-v1/thumbnails/negative/control-v1-0167-neg-es-pba-42938.png	exists	338763	
thumb-v1-0168	control-v1-0168	neg-es-pba-43202	negative	ES	O Castelo	ign_pnoa_rgb	https://www.ign.es/wms-inspire/pnoa-ma	OI.OrthoimageCoverage	-7.65289966,43.73749555,-7.64653366,43.74209491	384	384	data/morphology-autoreview-v1/thumbnails/negative/control-v1-0168-neg-es-pba-43202.png	exists	384277	
thumb-v1-0169	control-v1-0169	neg-es-pba-35700	negative	ES	Castelo	ign_pnoa_rgb	https://www.ign.es/wms-inspire/pnoa-ma	OI.OrthoimageCoverage	-7.58847074,43.57442576,-7.58212201,43.57902511	384	384	data/morphology-autoreview-v1/thumbnails/negative/control-v1-0169-neg-es-pba-35700.png	exists	367473	
thumb-v1-0170	control-v1-0170	neg-es-pba-36107	negative	ES	Castelo do Picato	ign_pnoa_rgb	https://www.ign.es/wms-inspire/pnoa-ma	OI.OrthoimageCoverage	-7.53582518,43.09894934,-7.52952597,43.10354869	384	384	data/morphology-autoreview-v1/thumbnails/negative/control-v1-0170-neg-es-pba-36107.png	exists	383770	
thumb-v1-0171	control-v1-0171	neg-es-pba-37344	negative	ES	Castelo das Saíñas	ign_pnoa_rgb	https://www.ign.es/wms-inspire/pnoa-ma	OI.OrthoimageCoverage	-7.61093917,42.47405969,-7.60470323,42.47865905	384	384	data/morphology-autoreview-v1/thumbnails/negative/control-v1-0171-neg-es-pba-37344.png	exists	390927	
thumb-v1-0172	control-v1-0172	neg-es-pba-38363	negative	ES	Xacemento da Torre do Hospital	ign_pnoa_rgb	https://www.ign.es/wms-inspire/pnoa-ma	OI.OrthoimageCoverage	-7.24850811,42.47080452,-7.24227250,42.47540387	384	384	data/morphology-autoreview-v1/thumbnails/negative/control-v1-0172-neg-es-pba-38363.png	failed	0	HTTP Error 502: Bad Gateway
thumb-v1-0173	control-v1-0173	neg-es-pba-40741	negative	ES	Torre Vella	ign_pnoa_rgb	https://www.ign.es/wms-inspire/pnoa-ma	OI.OrthoimageCoverage	-7.04576728,43.55305874,-7.03942080,43.55765810	384	384	data/morphology-autoreview-v1/thumbnails/negative/control-v1-0173-neg-es-pba-40741.png	exists	409470	
thumb-v1-0174	control-v1-0174	neg-es-pba-41893	negative	ES	Pena do Castelo/Pena de Socastelo/Vigo do Castelo	ign_pnoa_rgb	https://www.ign.es/wms-inspire/pnoa-ma	OI.OrthoimageCoverage	-7.23092636,42.66883755,-7.22467092,42.67343690	384	384	data/morphology-autoreview-v1/thumbnails/negative/control-v1-0174-neg-es-pba-41893.png	exists	376436	
thumb-v1-0175	control-v1-0175	neg-es-pba-41944	negative	ES	Casa Torre de Barrio	ign_pnoa_rgb	https://www.ign.es/wms-inspire/pnoa-ma	OI.OrthoimageCoverage	-7.35012467,42.77920813,-7.34385809,42.78380749	384	384	data/morphology-autoreview-v1/thumbnails/negative/control-v1-0175-neg-es-pba-41944.png	exists	351146	
thumb-v1-0176	control-v1-0176	neg-es-pba-41532	negative	ES	Castelo de Sober	ign_pnoa_rgb	https://www.ign.es/wms-inspire/pnoa-ma	OI.OrthoimageCoverage	-7.58118957,42.46066791,-7.57495497,42.46526727	384	384	data/morphology-autoreview-v1/thumbnails/negative/control-v1-0176-neg-es-pba-41532.png	exists	388237	
thumb-v1-0177	control-v1-0177	neg-es-pba-43110	negative	ES	Castelo	ign_pnoa_rgb	https://www.ign.es/wms-inspire/pnoa-ma	OI.OrthoimageCoverage	-7.61753284,43.60891349,-7.61118047,43.61351284	384	384	data/morphology-autoreview-v1/thumbnails/negative/control-v1-0177-neg-es-pba-43110.png	exists	388260	
thumb-v1-0178	control-v1-0178	neg-es-pba-30179	negative	ES	As Penas do Castelo	ign_pnoa_rgb	https://www.ign.es/wms-inspire/pnoa-ma	OI.OrthoimageCoverage	-7.71466530,43.43857347,-7.70833084,43.44317282	384	384	data/morphology-autoreview-v1/thumbnails/negative/control-v1-0178-neg-es-pba-30179.png	exists	363201	
thumb-v1-0179	control-v1-0179	neg-es-pba-32082	negative	ES	Castelo	ign_pnoa_rgb	https://www.ign.es/wms-inspire/pnoa-ma	OI.OrthoimageCoverage	-7.52708027,43.72453532,-7.52071565,43.72913468	384	384	data/morphology-autoreview-v1/thumbnails/negative/control-v1-0179-neg-es-pba-32082.png	exists	373099	
thumb-v1-0180	control-v1-0180	neg-es-pba-61517	negative	ES	Castelo de Pereiró	ign_pnoa_rgb	https://www.ign.es/wms-inspire/pnoa-ma	OI.OrthoimageCoverage	-8.93904206,42.36111921,-8.93281734,42.36571857	384	384	data/morphology-autoreview-v1/thumbnails/negative/control-v1-0180-neg-es-pba-61517.png	exists	333876	
thumb-v1-0181	control-v1-0181	neg-es-pba-45854	negative	ES	Petróglifos do Campo da Mámoa	ign_pnoa_rgb	https://www.ign.es/wms-inspire/pnoa-ma	OI.OrthoimageCoverage	-8.34177280,42.45042587,-8.33553921,42.45502522	384	384	data/morphology-autoreview-v1/thumbnails/negative/control-v1-0181-neg-es-pba-45854.png	exists	361555	
thumb-v1-0182	control-v1-0182	neg-es-pba-65854	negative	ES	Petróglifo das Mámoas-Esperante 1	ign_pnoa_rgb	https://www.ign.es/wms-inspire/pnoa-ma	OI.OrthoimageCoverage	-8.03508210,42.75725170,-8.02881774,42.76185106	384	384	data/morphology-autoreview-v1/thumbnails/negative/control-v1-0182-neg-es-pba-65854.png	exists	377011	
thumb-v1-0183	control-v1-0183	neg-es-pba-69588	negative	ES	Mámoa da Valga 1	ign_pnoa_rgb	https://www.ign.es/wms-inspire/pnoa-ma	OI.OrthoimageCoverage	-8.85467364,41.97662099,-8.84848665,41.98122035	384	384	data/morphology-autoreview-v1/thumbnails/negative/control-v1-0183-neg-es-pba-69588.png	exists	376150	
thumb-v1-0184	control-v1-0184	neg-pt-dgpc-105162	negative	PT	Anta de Zedes (Casa da Moura I)	dgt_ortos2021_rgb	https://cartografia.dgterritorio.gov.pt/wms/ortos2021	Ortos2021-RGB	-7.29675908,41.27357969,-7.29063919,41.27817904	384	384	data/morphology-autoreview-v1/thumbnails/negative/control-v1-0184-neg-pt-dgpc-105162.png	exists	137721	
thumb-v1-0185	control-v1-0185	neg-pt-dgpc-113333	negative	PT	Regato das Bouças 14	dgt_ortos2021_rgb	https://cartografia.dgterritorio.gov.pt/wms/ortos2021	Ortos2021-RGB	-7.28285811,41.46894411,-7.27671981,41.47354346	384	384	data/morphology-autoreview-v1/thumbnails/negative/control-v1-0185-neg-pt-dgpc-113333.png	exists	143697	
thumb-v1-0186	control-v1-0186	neg-es-pba-65855	negative	ES	Petróglifo das Mámoas-Esperante 2	ign_pnoa_rgb	https://www.ign.es/wms-inspire/pnoa-ma	OI.OrthoimageCoverage	-8.03167383,42.75683698,-8.02540951,42.76143633	384	384	data/morphology-autoreview-v1/thumbnails/negative/control-v1-0186-neg-es-pba-65855.png	exists	370646	
thumb-v1-0187	control-v1-0187	neg-es-pba-69648	negative	ES	Mámoa da Valga 2	ign_pnoa_rgb	https://www.ign.es/wms-inspire/pnoa-ma	OI.OrthoimageCoverage	-8.84442051,41.97658879,-8.83823352,41.98118814	384	384	data/morphology-autoreview-v1/thumbnails/negative/control-v1-0187-neg-es-pba-69648.png	exists	366507	
thumb-v1-0188	control-v1-0188	neg-es-pba-69649	negative	ES	Mámoa da Valga 3	ign_pnoa_rgb	https://www.ign.es/wms-inspire/pnoa-ma	OI.OrthoimageCoverage	-8.84436234,41.97680548,-8.83817533,41.98140483	384	384	data/morphology-autoreview-v1/thumbnails/negative/control-v1-0188-neg-es-pba-69649.png	exists	365008	
thumb-v1-0189	control-v1-0189	neg-pt-dgpc-111296	negative	PT	Braga - Instituto Monsenhor Airosa	dgt_ortos2021_rgb	https://cartografia.dgterritorio.gov.pt/wms/ortos2021	Ortos2021-RGB	-8.43056752,41.54264722,-8.42442223,41.54724657	384	384	data/morphology-autoreview-v1/thumbnails/negative/control-v1-0189-neg-pt-dgpc-111296.png	exists	133941	
thumb-v1-0190	control-v1-0190	neg-pt-dgpc-110572	negative	PT	Chaves - Rua da Muralha	dgt_ortos2021_rgb	https://cartografia.dgterritorio.gov.pt/wms/ortos2021	Ortos2021-RGB	-7.47582159,41.73818323,-7.46965762,41.74278258	384	384	data/morphology-autoreview-v1/thumbnails/negative/control-v1-0190-neg-pt-dgpc-110572.png	exists	136785	
thumb-v1-0191	control-v1-0191	neg-pt-dgpc-107544	negative	PT	Braga - Rua Cruz de Pedra, 103-109	dgt_ortos2021_rgb	https://cartografia.dgterritorio.gov.pt/wms/ortos2021	Ortos2021-RGB	-8.43489333,41.54559497,-8.42874776,41.55019432	384	384	data/morphology-autoreview-v1/thumbnails/negative/control-v1-0191-neg-pt-dgpc-107544.png	exists	134537	
thumb-v1-0192	control-v1-0192	neg-pt-dgpc-109187	negative	PT	Chaves - Rua do Bispo Idácio, 20-22	dgt_ortos2021_rgb	https://cartografia.dgterritorio.gov.pt/wms/ortos2021	Ortos2021-RGB	-7.47293403,41.73791049,-7.46677009,41.74250985	384	384	data/morphology-autoreview-v1/thumbnails/negative/control-v1-0192-neg-pt-dgpc-109187.png	exists	136003	
thumb-v1-0193	control-v1-0193	neg-pt-dgpc-111203	negative	PT	Braga - Rua D. Diogo de Sousa, 102-118	dgt_ortos2021_rgb	https://cartografia.dgterritorio.gov.pt/wms/ortos2021	Ortos2021-RGB	-8.43056718,41.54804264,-8.42442138,41.55264199	384	384	data/morphology-autoreview-v1/thumbnails/negative/control-v1-0193-neg-pt-dgpc-111203.png	exists	137263	
thumb-v1-0194	control-v1-0194	neg-pt-dgpc-110813	negative	PT	Braga - Rua Direita, 25-29	dgt_ortos2021_rgb	https://cartografia.dgterritorio.gov.pt/wms/ortos2021	Ortos2021-RGB	-8.43566679,41.54394267,-8.42952138,41.54854202	384	384	data/morphology-autoreview-v1/thumbnails/negative/control-v1-0194-neg-pt-dgpc-110813.png	exists	134611	
thumb-v1-0195	control-v1-0195	neg-es-pba-12556	negative	ES	Petróglifo de Monte Muralla 1	ign_pnoa_rgb	https://www.ign.es/wms-inspire/pnoa-ma	OI.OrthoimageCoverage	-8.77755502,42.74392967,-8.77129200,42.74852902	384	384	data/morphology-autoreview-v1/thumbnails/negative/control-v1-0195-neg-es-pba-12556.png	exists	360565	
thumb-v1-0196	control-v1-0196	neg-es-pba-68275	negative	ES	Petróglifo de Refoxos	ign_pnoa_rgb	https://www.ign.es/wms-inspire/pnoa-ma	OI.OrthoimageCoverage	-8.71974384,42.29074030,-8.71352609,42.29533966	384	384	data/morphology-autoreview-v1/thumbnails/negative/control-v1-0196-neg-es-pba-68275.png	exists	404059	
thumb-v1-0197	control-v1-0197	neg-es-pba-12557	negative	ES	Petróglifo de Monte Muralla 2	ign_pnoa_rgb	https://www.ign.es/wms-inspire/pnoa-ma	OI.OrthoimageCoverage	-8.77806000,42.74451972,-8.77179692,42.74911907	384	384	data/morphology-autoreview-v1/thumbnails/negative/control-v1-0197-neg-es-pba-12557.png	exists	367216	
thumb-v1-0198	control-v1-0198	neg-es-pba-12558	negative	ES	Petróglifo de Monte Muralla 3	ign_pnoa_rgb	https://www.ign.es/wms-inspire/pnoa-ma	OI.OrthoimageCoverage	-8.78131167,42.74268510,-8.77504878,42.74728446	384	384	data/morphology-autoreview-v1/thumbnails/negative/control-v1-0198-neg-es-pba-12558.png	exists	362526	
thumb-v1-0199	control-v1-0199	neg-pt-dgpc-111331	negative	PT	Braga - Praça de República, 1	dgt_ortos2021_rgb	https://cartografia.dgterritorio.gov.pt/wms/ortos2021	Ortos2021-RGB	-8.42637368,41.54960355,-8.42022773,41.55420290	384	384	data/morphology-autoreview-v1/thumbnails/negative/control-v1-0199-neg-pt-dgpc-111331.png	exists	134572	
thumb-v1-0200	control-v1-0200	neg-pt-dgpc-112789	negative	PT	Castelo de Gaia	dgt_ortos2021_rgb	https://cartografia.dgterritorio.gov.pt/wms/ortos2021	Ortos2021-RGB	-8.62748628,41.13729721,-8.62137913,41.14189657	384	384	data/morphology-autoreview-v1/thumbnails/negative/control-v1-0200-neg-pt-dgpc-112789.png	exists	130829	
thumb-v1-0201	control-v1-0201	neg-es-pba-31031	negative	ES	Mina de Foxo	ign_pnoa_rgb	https://www.ign.es/wms-inspire/pnoa-ma	OI.OrthoimageCoverage	-7.06257796,43.17894568,-7.05627050,43.18354504	384	384	data/morphology-autoreview-v1/thumbnails/negative/control-v1-0201-neg-es-pba-31031.png	exists	366630	
