site_id	primary_name	municipality	parish	current_dataset_use	decision	reason	pba_name	pba_municipality	pba_parish	pba_place	pba_id_ipaga	pba_cod_impres	pba_tipoloxia	pba_x_etrs89_utm29	pba_y_etrs89_utm29	pba_lon_wgs84	pba_lat_wgs84	pba_observacio
tra-fene-ga15035011	Castro de Cordoeiro	Fene	Perlío	needs_geocoding	coordinate_for_review_reconcile_duplicate	Exact code match, but PBA names it Castro das Pias/Castro de Cardoeiro and flags location/duplicate in OBSERVACIO.	Castro das Pías/Castro de Cardoeiro	Fene	Perlío (Santo Estevo)	Cruceiro, O	GA15035011	Fene_9327	Castro	567002	4813818	-8.171572505093756	43.47427554901182	SI.2021.392.INV: Localización e duplicado
tra-ferrol-canido	Castro de Canido	Ferrol		positive_damaged_review	coordinate_for_damaged_review	Exact PBA reference-name match; keep review-only because the source row is marked damaged/disappeared.	Castro de Canido	Ferrol	Ferrol	Ferrol	RE15036007	Ferrol_9721		561238	4814819	-8.242723079720715	43.48378570961132	
tra-neda-castros	Castros	Neda	San Martiño de Neda	needs_geocoding	coordinate_for_review_not_training	Exact topographic/toponymic PBA reference; not enough to promote as a training positive.	Castros	Neda	Santa María de Neda (Santa María)	Castros, Os	TO15055002	Neda_14979		568730	4817566	-8.149740461365019	43.50786201500216	
tra-neda-monte-de-rabadena	Monte de Rabadeña	Neda	Santa María de Neda	needs_geocoding	coordinate_for_review_not_training	Exact code from the prior note, but PBA names it Cazoletas do Monte da Rabadena, not a castro.	Cazoletas do Monte da Rabadeña	Neda	Santa María de Neda (Santa María)	Rabadeña, A	GA15055005	Neda_14980		568734	4815516	-8.149945022412972	43.489410895341756	Elemento desprazado 117 m con respecto a localización no PBA
tra-san-sadurnino-a-croa-naraio	A Croa / Naraío	San Sadurniño	Naraío	review_only	coordinate_for_toponymic_review	PBA has A Croa in Naraio/O Batan, but no ID_IPAGA; keep toponymic review-only.	A Croa	San Sadurniño	Naraío (Santa María)	O Batán		San Sadurniño_20165		574309	4815582	-8.081000277632068	43.48946910625164	
tra-san-sadurnino-castro-das-croas	Castro das Croas	San Sadurniño	San Sadurniño	needs_geocoding	coordinate_for_review_reconcile_duplicate	Strong PBA name match; reconcile with existing Castro de San Sadurnino/Galipedia row before training.	Castro Das Croas	San Sadurniño	San Sadurniño (Santa María)	A Rubiña	GA15076006	San Sadurniño_20191		575490	4821607	-8.06556223656323	43.54359118222014	"NO PBA denomínase ""Castro de San Sadurniño"""
tra-san-sadurnino-coto-da-croa-ou-a-croa-do-castro	Coto da Croa ou A Croa do Castro	San Sadurniño	Bardaos	needs_geocoding	coordinate_for_review	PBA has Coto da Croa in Bardaos/O Castro.	Coto da Croa	San Sadurniño	Bardaos (Santa María)	O Castro	GA15076005	San Sadurniño_20199		578090	4825456	-8.032826260167933	43.577979015085575	
tra-san-sadurnino-coto-da-croa-ou-a-croa-do-castro-2	Coto da Croa ou A Croa do Castro	San Sadurniño	Monte	needs_geocoding	coordinate_for_review	PBA has A Croa do Castro in Santa Marina do Monte/Escoitadoira.	A Croa do Castro	San Sadurniño	Santa Mariña do Monte (Santa Mariña)	Escoitadoira	GA15076004	San Sadurniño_20166		574811	4825700	-8.073395247811263	43.580510855618954	O planeamento identifica un ben co mesmo nome, situado na parroquia de Narahío
tra-valdovino-ga15087017	Puerto de Meirás	Valdoviño	Meirás	needs_geocoding	coordinate_for_review_not_training	Exact code match, but PBA typology is Medieval, so do not use as castro training positive without review.	Porto de Meirás	Valdoviño	Meirás (San Vicente)	Carballoso, O	GA15087017	Valdoviño_25090	Medieval	565250	4829041	-8.19140505875158	43.61149392500149	
