site_id	primary_name	municipality	parish	current_dataset_use	status_after_second_pass	evidence_level	proposed_action	evidence_summary	source_urls
tra-fene-almieiras	Castro de Almieiras	Fene	Santa Eulalia de Limodre	positive_damaged_review	classical_damaged_no_coordinate	classical_only	Keep as historical/damaged review only; do not use for training or raster windows until a stronger source appears.	André Pena lists Almieiras in Limodre as disappeared. The PBA query found no Almieiras/Limodre hit. The official Plan Sectorial lists Castro de Prismos in Limodre, but that is a different named site and cannot be substituted automatically.	https://www.calameo.com/books/00129295754f931ea1d4a; https://vivendaeinfraestruturas.xunta.gal/documents/36303/60845/01_Memoria%20PS.pdf; https://ideg.xunta.gal/servizos/rest/services/PBA/Afeccions_PatrimonioCultural/MapServer
tra-fene-re15035002	Castro do Sartego	Fene	Fene	positive_damaged_review	official_reference_no_coordinates	official_reference	Keep blocked for coordinates; verify in Fene PXOM/PBA visor before any spatial use.	Plan Sectorial explicitly lists RE15035002 Castro do Sartego in Fene. PBA catalogue query did not return a matching castro element; it returned a different Sartego da Fonte dos Mouros find in Sillobre.	https://vivendaeinfraestruturas.xunta.gal/documents/36303/60845/01_Memoria%20PS.pdf; https://ideg.xunta.gal/servizos/rest/services/PBA/Afeccions_PatrimonioCultural/MapServer
tra-ferrol-ferreiros	Castro de Ferreiros	Ferrol	Santa Uxía de Mandiá	needs_geocoding	possible_duplicate_or_equivalence	official_possible	Review against existing tra-ferrol-ga15036005; merge/discard only if QGIS and source review confirm equivalence.	André Pena lists Ferreiros in Mandiá. Ferrol PXOM and PBA contain GA15036005 Os Castros/Castro de Mandiá, already present in the MVP as tra-ferrol-ga15036005. The name and parish/place metadata do not match cleanly enough for automatic merging.	https://siotuga.xunta.gal/siotuga/documentos/urbanismo/FERROL/documents/0184ca004.pdf; https://vivendaeinfraestruturas.xunta.gal/documents/36303/60845/01_Memoria%20PS.pdf; https://ideg.xunta.gal/servizos/rest/services/PBA/Afeccions_PatrimonioCultural/MapServer; https://www.calameo.com/books/00129295754f931ea1d4a
tra-neda-santa-maria-de-neda	Castro de Santa María de Neda	Neda	Santa María de Neda	positive_damaged_review	classical_damaged_no_coordinate	classical_only	Keep historical/damaged only; do not equate automatically with Castro de Ancos or Castros.	André Pena lists Santa María de Neda as disappeared. Official/PBA data support Castro de Ancos and a separate Castros/toponymic row in Neda, but no exact Santa María de Neda castro match.	https://www.calameo.com/books/00129295754f931ea1d4a; https://siotuga.xunta.gal/siotuga/documentos/urbanismo/NEDA/documents/0242ca004.pdf; https://ideg.xunta.gal/servizos/rest/services/PBA/Afeccions_PatrimonioCultural/MapServer
tra-san-sadurnino-fraga	Castro de Fraga	San Sadurniño	Santa María de Bardaos	needs_geocoding	possible_bardaos_duplicate_or_toponym	official_possible	Review against Coto da Croa/A Croa do Castro in Bardaos; do not assign coordinates automatically.	André Pena lists Fraga in Bardaos. San Sadurniño NNSS and PBA support Coto da Croa/A Croa do Castro in Bardaos/Lugar de Castro, but there is no exact Fraga match.	https://www.calameo.com/books/00129295754f931ea1d4a; https://siotuga.xunta.gal/siotuga/documentos/urbanismo/SANSADURNINO/documents/0355ca001.pdf; https://ideg.xunta.gal/servizos/rest/services/PBA/Afeccions_PatrimonioCultural/MapServer
tra-san-sadurnino-o-picho	O Picho	San Sadurniño	San Sadurniño	review_only	weak_toponym_no_official_castro	weak	Keep review_only or discard from MVP geospatial scope unless a stronger source appears.	The project has O Picho only as a weak nominal/toponymic clue. The PBA/PDF pass did not find an official castro; Picho hits point to fountains, not archaeological castro evidence.	https://onosopatrimonio.blogspot.com/2011/07/castros-de-galiza-i.html; https://ideg.xunta.gal/servizos/rest/services/PBA/Afeccions_PatrimonioCultural/MapServer; https://siotuga.xunta.gal/siotuga/documentos/urbanismo/NEDA/documents/0242ca004.pdf
tra-san-sadurnino-san-cristobal	Castro de San Cristóbal	San Sadurniño	Santa María de San Sadurniño	needs_geocoding	false_friend_or_unresolved	classical_only	Keep blocked; do not use the San Cristóbal chapel as a proxy.	André Pena lists San Cristóbal as a castro. San Sadurniño NNSS search found Capilla de San Cristóbal in Rexigueiro/Ferreira, not a castro record; PBA did not provide an exact castro match.	https://www.calameo.com/books/00129295754f931ea1d4a; https://siotuga.xunta.gal/siotuga/documentos/urbanismo/SANSADURNINO/documents/0355ca001.pdf; https://ideg.xunta.gal/servizos/rest/services/PBA/Afeccions_PatrimonioCultural/MapServer
tra-san-sadurnino-tralocastro	Tralocastro	San Sadurniño	San Xiao de Lamas	positive_damaged_review	different_site_name_collision	classical_damaged_no_coordinate	Keep damaged/historical only; never reuse Ferrol/Esmelle Tralocastro coordinates.	André Pena lists Tralocastro in San Xiao de Lamas as disappeared. PBA and Ferrol PXOM strongly support Castro de Tralocastro in Esmelle/Ferrol, which is a different official site already represented elsewhere.	https://www.calameo.com/books/00129295754f931ea1d4a; https://siotuga.xunta.gal/siotuga/documentos/urbanismo/FERROL/documents/0184ca004.pdf; https://ideg.xunta.gal/servizos/rest/services/PBA/Afeccions_PatrimonioCultural/MapServer
tra-valdovino-as-filgueiras	Castro de As Filgueiras	Valdoviño	San Vicente de Meirás	needs_geocoding	classical_no_coordinate	classical_only	Keep blocked; do not substitute nearby Meirás/Lavacerido/Riobó sites.	André Pena lists As Filgueiras in Meirás. Valdoviño MP13 and PBA contain other Meirás archaeological records, including Punta Taraza, O Castrillón and Puerto de Meirás, but no exact As Filgueiras castro match.	https://www.calameo.com/books/00129295754f931ea1d4a; https://www.concellodevaldovino.com/arquivo/sites/all/themes/valbartik/doc/13/0102.pdf; https://ideg.xunta.gal/servizos/rest/services/PBA/Afeccions_PatrimonioCultural/MapServer
